nohup: ignoring input

   INFO  Server running on [http://127.0.0.1:8000].  

  Press Ctrl+C to stop the server

nohup: ignoring input

   INFO  Server running on [http://0.0.0.0:8000].  

  Press Ctrl+C to stop the server

  2026-01-22 18:35:44 / .......................................... ~ 500.46ms
  2026-01-22 18:35:44 /favicon.ico ............................... ~ 501.19ms
  2026-01-22 18:35:53 /login ....................................... ~ 0.09ms
  2026-01-22 18:35:53 /build/assets/app-BWu6kgCF.css ............... ~ 0.03ms
  2026-01-22 18:35:53 /build/assets/app-BR77_l1h.js ................ ~ 0.03ms
  2026-01-22 18:35:53 /images/login.png .......................... ~ 500.50ms
  2026-01-22 18:35:54 /favicon.ico ................................. ~ 0.06ms
  2026-01-22 18:35:56 /login ....................................... ~ 0.08ms
  2026-01-22 18:35:56 /build/assets/app-BWu6kgCF.css ............... ~ 0.03ms
  2026-01-22 18:35:56 /build/assets/app-BR77_l1h.js ................ ~ 0.03ms
  2026-01-22 18:35:56 /images/login.png ............................ ~ 0.14ms
  2026-01-22 18:35:56 /favicon.ico ................................. ~ 0.12ms
nohup: ignoring input

   INFO  Server running on [http://0.0.0.0:8000].  

  Press Ctrl+C to stop the server

  2026-01-22 18:41:29 / .......................................... ~ 500.33ms
  2026-01-22 18:41:29 /favicon.ico ............................... ~ 500.75ms
  2026-01-22 18:41:42 / ............................................ ~ 0.11ms
  2026-01-22 18:41:42 /images/atendenteico.png ..................... ~ 0.43ms
  2026-01-22 18:41:43 /favicon.ico ................................. ~ 0.19ms
  2026-01-22 18:41:47 / ............................................ ~ 0.18ms
  2026-01-22 18:41:47 /images/atendenteico.png ..................... ~ 2.67ms
  2026-01-22 18:41:47 /favicon.ico ................................. ~ 0.03ms
  2026-01-22 18:41:48 / ............................................ ~ 0.07ms
  2026-01-22 18:41:48 /images/atendenteico.png ..................... ~ 0.36ms
  2026-01-22 18:41:48 /favicon.ico ................................. ~ 0.08ms
  2026-01-22 18:41:48 / ............................................ ~ 0.03ms
  2026-01-22 18:41:48 /images/atendenteico.png ..................... ~ 0.29ms
  2026-01-22 18:41:48 /favicon.ico ................................. ~ 0.02ms
  2026-01-22 18:41:49 / ............................................ ~ 0.03ms
  2026-01-22 18:41:49 /images/atendenteico.png ..................... ~ 0.26ms
  2026-01-22 18:41:49 /favicon.ico ................................. ~ 0.02ms
  2026-01-22 18:46:04 /login ....................................... ~ 0.25ms
  2026-01-22 18:46:04 /images/login.png ............................ ~ 0.03ms
  2026-01-22 18:46:04 /favicon.ico ................................. ~ 0.15ms
  2026-01-22 18:46:21 /login ....................................... ~ 0.08ms
  2026-01-22 18:46:21 /images/login.png ............................ ~ 0.03ms
  2026-01-22 18:46:22 /favicon.ico ................................. ~ 0.02ms
  2026-01-22 18:46:22 /login ....................................... ~ 0.13ms
  2026-01-22 18:46:22 /images/login.png ............................ ~ 0.04ms
  2026-01-22 18:46:23 /favicon.ico ................................. ~ 0.03ms
  2026-01-22 18:49:25 / ............................................ ~ 0.09ms
  2026-01-22 18:49:25 /images/atendenteico.png ..................... ~ 0.37ms
  2026-01-22 18:49:25 /favicon.ico ................................. ~ 0.03ms
  2026-01-22 19:00:04 /home ........................................ ~ 0.09ms
  2026-01-22 19:00:04 /images/triagemico.png ....................... ~ 0.37ms
  2026-01-22 19:00:04 /images/atendenteico.png ..................... ~ 0.19ms
  2026-01-22 19:00:04 /images/graficoico.png ....................... ~ 0.03ms
  2026-01-22 19:00:04 /images/painel.png ........................... ~ 0.17ms
  2026-01-22 19:00:04 /favicon.ico ................................. ~ 0.03ms
  2026-01-22 19:01:19 /home ........................................ ~ 0.09ms
  2026-01-22 19:01:19 /images/triagemico.png ....................... ~ 0.38ms
  2026-01-22 19:01:19 /images/atendenteico.png ..................... ~ 0.21ms
  2026-01-22 19:01:19 /images/graficoico.png ....................... ~ 0.03ms
  2026-01-22 19:01:19 /images/painel.png ........................... ~ 0.17ms
  2026-01-22 19:01:19 /favicon.ico ................................. ~ 0.02ms
  2026-01-22 19:14:09 /home ........................................ ~ 0.10ms
  2026-01-22 19:14:09 /images/triagemico.png ....................... ~ 0.07ms
  2026-01-22 19:14:09 /images/atendenteico.png ..................... ~ 0.24ms
  2026-01-22 19:14:09 /images/graficoico.png ....................... ~ 0.04ms
  2026-01-22 19:14:09 /images/painel.png ........................... ~ 0.19ms
  2026-01-22 19:14:09 /favicon.ico ................................. ~ 0.02ms
  2026-01-22 19:29:26 /queue/triagem ............................. ~ 500.56ms
  2026-01-22 19:29:26 /queue/tickets/triagem ....................... ~ 0.45ms
  2026-01-22 19:29:27 /favicon.ico ................................. ~ 0.03ms
  2026-01-22 19:29:32 /queue/tickets/triagem ....................... ~ 0.37ms
  2026-01-22 19:29:35 /home ...................................... ~ 500.26ms
  2026-01-22 19:29:35 /images/triagemico.png ....................... ~ 0.04ms
  2026-01-22 19:29:35 /images/atendenteico.png ..................... ~ 0.20ms
  2026-01-22 19:29:35 /images/graficoico.png ....................... ~ 3.25ms
  2026-01-22 19:29:35 /images/painel.png ........................... ~ 0.03ms
  2026-01-22 19:29:35 /favicon.ico ................................. ~ 0.02ms
  2026-01-22 19:29:36 /queue/atendimento ......................... ~ 500.27ms
  2026-01-22 19:29:36 /queue/tickets/atendimento ................... ~ 0.03ms
  2026-01-22 19:29:36 /favicon.ico ................................. ~ 0.02ms
  2026-01-22 19:29:38 /home ...................................... ~ 500.26ms
  2026-01-22 19:29:38 /images/triagemico.png ....................... ~ 0.05ms
  2026-01-22 19:29:38 /images/atendenteico.png ..................... ~ 0.20ms
  2026-01-22 19:29:38 /images/graficoico.png ....................... ~ 0.33ms
  2026-01-22 19:29:38 /images/painel.png ........................... ~ 0.47ms
  2026-01-22 19:29:38 /favicon.ico ................................. ~ 0.03ms
  2026-01-22 19:29:39 /queue/triagem ............................. ~ 500.34ms
  2026-01-22 19:29:39 /queue/tickets/triagem ....................... ~ 0.08ms
  2026-01-22 19:29:39 /favicon.ico ................................. ~ 0.03ms
  2026-01-22 19:29:40 /home ........................................ ~ 0.07ms
  2026-01-22 19:29:40 /images/triagemico.png ....................... ~ 0.06ms
  2026-01-22 19:29:40 /images/atendenteico.png ..................... ~ 0.23ms
  2026-01-22 19:29:40 /images/graficoico.png ....................... ~ 0.36ms
  2026-01-22 19:29:40 /images/painel.png ........................... ~ 2.23ms
  2026-01-22 19:29:40 /favicon.ico ................................. ~ 0.03ms
  2026-01-22 19:29:41 /adminPanel ................................ ~ 500.29ms
  2026-01-22 19:29:41 /favicon.ico ................................. ~ 0.03ms
  2026-01-22 19:30:03 /home ........................................ ~ 0.09ms
  2026-01-22 19:30:03 /images/triagemico.png ....................... ~ 0.06ms
  2026-01-22 19:30:03 /images/atendenteico.png ..................... ~ 0.21ms
  2026-01-22 19:30:03 /images/graficoico.png ....................... ~ 2.12ms
  2026-01-22 19:30:03 /images/painel.png ........................... ~ 2.27ms
  2026-01-22 19:30:03 /favicon.ico ................................. ~ 0.04ms
  2026-01-22 19:30:06 /adminPanel .................................. ~ 0.14ms
  2026-01-22 19:30:06 /favicon.ico ................................. ~ 0.66ms
  2026-01-22 19:30:13 /users/assign-category ....................... ~ 0.09ms
  2026-01-22 19:30:13 /favicon.ico ................................. ~ 0.28ms
  2026-01-22 19:38:32 / ............................................ ~ 0.10ms
  2026-01-22 19:38:32 /images/atendenteico.png ..................... ~ 0.03ms
  2026-01-22 19:38:33 /favicon.ico ................................. ~ 0.02ms
  2026-01-22 19:38:34 /home ...................................... ~ 500.36ms
  2026-01-22 19:38:34 /images/triagemico.png ....................... ~ 0.04ms
  2026-01-22 19:38:34 /images/atendenteico.png ..................... ~ 0.19ms
  2026-01-22 19:38:34 /images/graficoico.png ....................... ~ 0.04ms
  2026-01-22 19:38:34 /images/painel.png ........................... ~ 0.19ms
  2026-01-22 19:38:34 /favicon.ico ................................. ~ 0.02ms
  2026-01-22 19:44:58 /login ....................................... ~ 0.10ms
  2026-01-22 19:44:58 /images/login.png ............................ ~ 0.42ms
  2026-01-22 19:44:59 /favicon.ico ................................. ~ 0.12ms
  2026-01-22 19:45:37 /login ....................................... ~ 0.08ms
  2026-01-22 19:45:38 /login ....................................... ~ 0.02ms
  2026-01-22 19:45:38 /images/login.png .......................... ~ 500.30ms
  2026-01-22 19:45:38 /favicon.ico ................................. ~ 0.06ms
  2026-01-22 19:45:57 /login ....................................... ~ 0.09ms
  2026-01-22 19:45:58 /login ....................................... ~ 0.02ms
  2026-01-22 19:45:58 /images/login.png .......................... ~ 500.22ms
  2026-01-22 19:45:58 /favicon.ico ................................. ~ 0.03ms
  2026-01-22 19:46:20 /logout ...................................... ~ 1.53ms
  2026-01-22 19:46:20 / ............................................ ~ 1.82ms
  2026-01-22 19:46:20 /login ..................................... ~ 500.20ms
  2026-01-22 19:46:20 /images/login.png ............................ ~ 0.03ms
  2026-01-22 19:46:20 /favicon.ico ................................. ~ 0.02ms
  2026-01-22 19:46:28 /login ..................................... ~ 500.27ms
  2026-01-22 19:46:28 /login ....................................... ~ 0.05ms
  2026-01-22 19:46:28 /images/login.png ............................ ~ 0.03ms
  2026-01-22 19:46:28 /favicon.ico ................................. ~ 0.02ms
  2026-01-22 19:46:36 /login ..................................... ~ 500.39ms
  2026-01-22 19:46:36 /login ..................................... ~ 500.97ms
  2026-01-22 19:46:37 /images/login.png ............................ ~ 0.03ms
  2026-01-22 19:46:37 /favicon.ico ................................. ~ 0.03ms
  2026-01-22 19:46:45 /register .................................... ~ 0.36ms
  2026-01-22 19:46:45 /images/login.png ............................ ~ 0.93ms
  2026-01-22 19:46:45 /favicon.ico ................................. ~ 0.06ms
  2026-01-22 19:46:54 /register .................................... ~ 0.16ms
  2026-01-22 19:46:55 /register .................................... ~ 0.06ms
  2026-01-22 19:46:55 /images/login.png ............................ ~ 0.02ms
  2026-01-22 19:46:55 /favicon.ico ................................. ~ 0.03ms
  2026-01-22 19:47:01 /register .................................... ~ 0.09ms
  2026-01-22 19:47:01 /register .................................... ~ 0.33ms
  2026-01-22 19:47:01 /images/login.png ............................ ~ 0.02ms
  2026-01-22 19:47:01 /favicon.ico ................................. ~ 0.02ms
  2026-01-22 19:47:10 /favicon.ico ................................. ~ 0.34ms
  2026-01-22 19:47:10 /register ....................................... ~ 23s
  2026-01-22 19:47:33 /images/login.png ............................ ~ 0.04ms
  2026-01-22 19:47:33 /favicon.ico ................................. ~ 0.02ms
  2026-01-22 19:48:07 /favicon.ico ................................. ~ 0.21ms
  2026-01-22 19:48:07 /favicon.ico ..................................... ~ 1s
  2026-01-22 19:48:08 /login ........................................... ~ 3s
  2026-01-22 19:48:12 / ............................................ ~ 0.03ms
  2026-01-22 19:48:12 /images/atendenteico.png ..................... ~ 0.03ms
  2026-01-22 19:48:12 /favicon.ico ................................. ~ 0.02ms
  2026-01-22 19:49:04 /login ..................................... ~ 500.29ms
  2026-01-22 19:49:04 /login ....................................... ~ 0.03ms
  2026-01-22 19:49:04 /images/login.png ............................ ~ 0.03ms
  2026-01-22 19:49:04 /favicon.ico ................................. ~ 0.08ms
  2026-01-22 19:49:20 /login ....................................... ~ 0.09ms
  2026-01-22 19:49:20 /login ....................................... ~ 0.02ms
  2026-01-22 19:49:20 /images/login.png ............................ ~ 0.02ms
  2026-01-22 19:49:20 /favicon.ico ................................. ~ 0.15ms
  2026-01-22 19:50:22 /login ..................................... ~ 500.27ms
  2026-01-22 19:50:23 /login ....................................... ~ 0.03ms
  2026-01-22 19:50:23 /images/login.png ............................ ~ 0.02ms
  2026-01-22 19:50:23 /favicon.ico ................................. ~ 0.08ms
  2026-01-22 19:50:34 /login ..................................... ~ 500.32ms
  2026-01-22 19:50:35 / ............................................ ~ 0.03ms
  2026-01-22 19:50:35 /images/atendenteico.png ..................... ~ 0.04ms
  2026-01-22 19:50:35 /favicon.ico ................................. ~ 0.03ms
  2026-01-22 19:50:52 /logout ...................................... ~ 0.08ms
  2026-01-22 19:50:52 / ............................................ ~ 0.03ms
  2026-01-22 19:50:52 /login ....................................... ~ 0.02ms
  2026-01-22 19:50:52 /images/login.png ............................ ~ 0.05ms
  2026-01-22 19:50:52 /favicon.ico ................................. ~ 0.13ms
  2026-01-22 19:51:02 / ............................................ ~ 0.16ms
  2026-01-22 19:51:03 /login ....................................... ~ 0.03ms
  2026-01-22 19:51:03 /images/login.png ............................ ~ 0.03ms
  2026-01-22 19:51:03 /favicon.ico ................................. ~ 0.02ms
  2026-01-22 19:51:50 /favicon.ico ............................... ~ 500.28ms
  2026-01-22 19:51:50 /logout .......................................... ~ 3s
  2026-01-22 19:51:54 / ............................................ ~ 0.03ms
  2026-01-22 19:51:54 /login ....................................... ~ 0.02ms
  2026-01-22 19:51:54 /images/login.png ............................ ~ 0.02ms
  2026-01-22 19:51:54 /favicon.ico ................................. ~ 0.06ms
  2026-01-22 19:51:57 /favicon.ico ................................. ~ 0.12ms
  2026-01-22 19:52:20 /register .................................... ~ 0.18ms
  2026-01-22 19:52:20 /images/login.png ............................ ~ 0.06ms
  2026-01-22 19:52:20 /favicon.ico ................................. ~ 2.12ms
  2026-01-22 19:52:35 /register .................................... ~ 0.15ms
  2026-01-22 19:52:35 / ............................................ ~ 0.06ms
  2026-01-22 19:52:35 /images/atendenteico.png ..................... ~ 0.03ms
  2026-01-22 19:52:35 /favicon.ico ................................. ~ 0.08ms
  2026-01-22 19:52:48 /logout ...................................... ~ 0.14ms
  2026-01-22 19:52:48 / ............................................ ~ 0.05ms
  2026-01-22 19:52:48 /login ....................................... ~ 0.02ms
  2026-01-22 19:52:48 /images/login.png ............................ ~ 0.03ms
  2026-01-22 19:52:48 /favicon.ico ................................. ~ 0.13ms
  2026-01-22 19:51:57 ............................................... ~ 1m 5s
  2026-01-22 19:59:49 /login ....................................... ~ 0.10ms
  2026-01-22 19:59:49 /images/login.png ............................ ~ 0.38ms
  2026-01-22 19:59:49 /favicon.ico ................................. ~ 0.02ms
  2026-01-22 19:59:50 /login ....................................... ~ 0.22ms
  2026-01-22 19:59:50 /images/login.png ............................ ~ 0.03ms
  2026-01-22 19:59:50 /favicon.ico ................................. ~ 0.02ms
  2026-01-22 19:59:51 /login ....................................... ~ 0.12ms
  2026-01-22 19:59:51 /images/login.png ............................ ~ 0.06ms
  2026-01-22 19:59:51 /favicon.ico ................................. ~ 0.03ms
  2026-01-22 19:59:51 /login ....................................... ~ 0.12ms
  2026-01-22 19:59:51 /images/login.png ............................ ~ 0.05ms
  2026-01-22 19:59:52 /favicon.ico ................................. ~ 0.13ms
  2026-01-22 19:59:52 /login ....................................... ~ 0.04ms
  2026-01-22 19:59:52 /images/login.png .......................... ~ 500.21ms
  2026-01-22 19:59:52 /favicon.ico ................................. ~ 0.03ms
  2026-01-22 19:59:52 /login ....................................... ~ 0.02ms
  2026-01-22 19:59:52 /images/login.png .......................... ~ 500.25ms
  2026-01-22 19:59:53 /favicon.ico ................................. ~ 0.04ms
  2026-01-22 19:59:53 /login ....................................... ~ 0.03ms
  2026-01-22 19:59:53 /images/login.png ............................ ~ 0.03ms
  2026-01-22 19:59:53 /favicon.ico ................................. ~ 0.06ms
  2026-01-22 19:59:53 /login ....................................... ~ 0.03ms
  2026-01-22 19:59:53 /images/login.png ............................ ~ 0.27ms
  2026-01-22 19:59:54 /favicon.ico ................................. ~ 0.11ms
  2026-01-22 19:59:54 /login ....................................... ~ 0.02ms
  2026-01-22 19:59:54 /images/login.png ............................ ~ 0.02ms
  2026-01-22 19:59:54 /favicon.ico ................................. ~ 0.02ms
  2026-01-23 14:09:16 / ............................................ ~ 0.23ms
  2026-01-23 14:09:16 /login ....................................... ~ 3.05ms
  2026-01-23 14:09:16 /images/login.png ............................ ~ 0.04ms
  2026-01-23 14:09:16 /favicon.ico ................................. ~ 0.13ms
  2026-01-23 14:09:29 /register .................................... ~ 0.10ms
  2026-01-23 14:09:30 /images/login.png ............................ ~ 0.03ms
  2026-01-23 14:09:30 /favicon.ico ................................. ~ 0.02ms
  2026-01-23 14:09:36 /login ....................................... ~ 0.14ms
  2026-01-23 14:09:36 /images/login.png ............................ ~ 0.03ms
  2026-01-23 14:09:36 /favicon.ico ................................. ~ 0.02ms
  2026-01-23 14:09:51 /login ....................................... ~ 0.10ms
  2026-01-23 14:09:51 /images/login.png ............................ ~ 6.53ms
  2026-01-23 14:09:51 /favicon.ico ................................. ~ 0.18ms
  2026-01-23 14:09:53 /login ....................................... ~ 0.16ms
  2026-01-23 14:09:53 /images/login.png ............................ ~ 0.74ms
  2026-01-23 14:09:53 /favicon.ico ................................. ~ 0.15ms
  2026-01-23 14:09:54 /login ....................................... ~ 0.42ms
  2026-01-23 14:09:54 /images/login.png ............................ ~ 0.70ms
  2026-01-23 14:09:54 /favicon.ico ................................. ~ 0.03ms
  2026-01-23 14:10:20 /login ....................................... ~ 0.15ms
  2026-01-23 14:10:20 /login ....................................... ~ 0.73ms
  2026-01-23 14:10:20 /images/login.png ............................ ~ 2.38ms
  2026-01-23 14:10:20 /favicon.ico ................................. ~ 0.03ms
  2026-01-23 14:10:32 /login ....................................... ~ 0.17ms
  2026-01-23 14:10:32 /images/login.png ............................ ~ 0.57ms
  2026-01-23 14:10:32 /favicon.ico ................................. ~ 0.03ms
  2026-01-23 14:10:39 /login ..................................... ~ 500.32ms
  2026-01-23 14:10:39 /images/login.png .......................... ~ 500.58ms
  2026-01-23 14:10:39 /favicon.ico ................................. ~ 0.03ms
  2026-01-23 14:27:54 /login ....................................... ~ 0.27ms
  2026-01-23 14:27:54 /images/login.png ............................ ~ 0.62ms
  2026-01-23 14:27:54 /favicon.ico ................................. ~ 0.02ms
  2026-01-23 14:28:02 /login ....................................... ~ 0.18ms
  2026-01-23 14:28:02 / ............................................ ~ 2.71ms
  2026-01-23 14:28:02 /images/atendenteico.png ..................... ~ 0.03ms
  2026-01-23 14:28:02 /favicon.ico ................................. ~ 0.02ms
  2026-01-23 14:29:02 / ............................................ ~ 0.11ms
  2026-01-23 14:29:02 /images/atendenteico.png ..................... ~ 0.45ms
  2026-01-23 14:29:02 /favicon.ico ................................. ~ 0.03ms
  2026-01-23 14:30:40 / ............................................ ~ 0.21ms
  2026-01-23 14:30:40 /images/atendenteico.png ..................... ~ 0.80ms
  2026-01-23 14:30:40 /favicon.ico ................................. ~ 0.03ms
  2026-01-23 14:37:35 / ............................................ ~ 0.14ms
  2026-01-23 14:37:35 /login ....................................... ~ 0.03ms
  2026-01-23 14:37:36 /images/login.png ............................ ~ 0.03ms
  2026-01-23 14:37:36 /favicon.ico ................................. ~ 0.07ms
  2026-01-23 14:37:43 /login ....................................... ~ 0.14ms
  2026-01-23 14:37:43 / ............................................ ~ 0.06ms
  2026-01-23 14:37:43 /images/atendenteico.png ..................... ~ 0.03ms
  2026-01-23 14:37:43 /favicon.ico ................................. ~ 0.18ms
  2026-01-23 14:37:47 /selecionar-guiche ........................... ~ 0.10ms
  2026-01-23 14:37:47 /home ........................................ ~ 0.05ms
  2026-01-23 14:37:47 /images/triagemico.png ....................... ~ 0.03ms
  2026-01-23 14:37:47 /images/graficoico.png ....................... ~ 0.02ms
  2026-01-23 14:37:47 /images/painel.png ........................... ~ 0.18ms
  2026-01-23 14:37:47 /images/atendenteico.png ..................... ~ 0.35ms
  2026-01-23 14:37:47 /favicon.ico ................................. ~ 0.04ms
  2026-01-23 14:38:08 /queue/triagem ............................... ~ 0.09ms
  2026-01-23 14:38:08 /queue/tickets/triagem ....................... ~ 0.02ms
  2026-01-23 14:38:08 /favicon.ico ................................. ~ 0.02ms
  2026-01-23 14:38:11 /favicon.ico ................................. ~ 0.13ms
  2026-01-23 14:38:11 /queue/atendimento ............................... ~ 1s
  2026-01-23 14:38:13 /queue/tickets/atendimento ................... ~ 0.03ms
  2026-01-23 14:38:13 /favicon.ico ................................. ~ 0.05ms
  2026-01-23 14:38:14 /favicon.ico ................................. ~ 1.26ms
  2026-01-23 14:38:14 /queue/atendimento .............................. ~ 46s
  2026-01-23 14:39:01 /queue/tickets/atendimento ................... ~ 2.46ms
  2026-01-23 14:39:01 /favicon.ico ................................. ~ 0.03ms
  2026-01-23 14:39:06 /queue/tickets/atendimento ................. ~ 500.78ms
  2026-01-23 14:39:06 /queue/triagem ............................... ~ 0.07ms
  2026-01-23 14:39:06 /queue/tickets/triagem ....................... ~ 0.03ms
  2026-01-23 14:39:06 /favicon.ico ................................. ~ 0.02ms
  2026-01-23 14:39:11 /queue/tickets/triagem ....................... ~ 0.10ms
  2026-01-23 14:39:12 /queue/atendimento ........................... ~ 0.09ms
  2026-01-23 14:39:12 /queue/tickets/atendimento ................. ~ 500.34ms
  2026-01-23 14:39:12 /favicon.ico ................................. ~ 0.10ms
  2026-01-23 14:39:13 /queue/triagem ............................... ~ 0.20ms
  2026-01-23 14:39:13 /queue/tickets/triagem ....................... ~ 0.65ms
  2026-01-23 14:39:14 /favicon.ico ................................. ~ 0.03ms
  2026-01-23 14:39:16 /favicon.ico ................................. ~ 0.18ms
  2026-01-23 14:39:16 /favicon.ico ..................................... ~ 1s
  2026-01-23 14:39:18 /favicon.ico ..................................... ~ 1s
  2026-01-23 14:39:19 /favicon.ico ............................... ~ 501.03ms
  2026-01-23 14:39:20 /users/assign-category .......................... ~ 35s
  2026-01-23 14:39:55 /favicon.ico ................................. ~ 0.03ms
  2026-01-23 14:40:09 /users/1/update-category ..................... ~ 0.15ms
  2026-01-23 14:40:09 /users/assign-category ....................... ~ 0.05ms
  2026-01-23 14:40:09 /favicon.ico ................................. ~ 0.04ms
  2026-01-23 14:40:12 /favicon.ico ................................. ~ 0.18ms
  2026-01-23 14:40:12 /favicon.ico ............................... ~ 501.78ms
  2026-01-23 14:40:12 /logout .......................................... ~ 2s
  2026-01-23 14:40:15 / ............................................ ~ 0.03ms
  2026-01-23 14:40:15 /login ....................................... ~ 0.02ms
  2026-01-23 14:40:15 /images/login.png ............................ ~ 0.02ms
  2026-01-23 14:40:15 /favicon.ico ................................. ~ 0.86ms
  2026-01-23 14:40:26 /login ..................................... ~ 500.36ms
  2026-01-23 14:40:26 / ............................................ ~ 0.03ms
  2026-01-23 14:40:27 /images/atendenteico.png ..................... ~ 0.02ms
  2026-01-23 14:40:27 /favicon.ico ................................. ~ 0.02ms
  2026-01-23 14:40:30 /selecionar-guiche ........................... ~ 0.12ms
  2026-01-23 14:40:30 /home ........................................ ~ 0.03ms
  2026-01-23 14:40:30 /images/atendenteico.png ..................... ~ 0.04ms
  2026-01-23 14:40:30 /images/triagemico.png ....................... ~ 0.18ms
  2026-01-23 14:40:30 /favicon.ico ................................. ~ 0.02ms
  2026-01-23 14:40:38 /queue/triagem ............................... ~ 0.10ms
  2026-01-23 14:40:38 /queue/tickets/triagem ....................... ~ 0.04ms
  2026-01-23 14:40:38 /favicon.ico ................................. ~ 0.03ms
  2026-01-23 14:40:43 /queue/tickets/triagem ....................... ~ 0.17ms
  2026-01-23 14:40:48 /queue/tickets/triagem ....................... ~ 0.21ms
  2026-01-23 14:40:53 /queue/tickets/triagem ....................... ~ 0.09ms
  2026-01-23 14:40:58 /queue/tickets/triagem ....................... ~ 0.16ms
  2026-01-23 14:40:59 /queue/atendimento ........................... ~ 0.13ms
  2026-01-23 14:40:59 /queue/tickets/atendimento ................... ~ 0.06ms
  2026-01-23 14:40:59 /favicon.ico ................................. ~ 0.05ms
  2026-01-23 14:41:04 /queue/tickets/atendimento ................... ~ 0.15ms
  2026-01-23 14:41:09 /queue/tickets/atendimento ................... ~ 0.14ms
  2026-01-23 14:41:14 /queue/tickets/atendimento ................... ~ 0.09ms
  2026-01-23 14:41:19 /queue/tickets/atendimento ................... ~ 0.12ms
  2026-01-23 14:41:24 /queue/tickets/atendimento ................... ~ 0.10ms
  2026-01-23 14:41:29 /queue/tickets/atendimento ................... ~ 0.14ms
  2026-01-23 14:41:34 /queue/tickets/atendimento ................... ~ 0.10ms
  2026-01-23 14:41:39 /queue/tickets/atendimento ................... ~ 0.15ms
  2026-01-23 14:41:42 /favicon.ico ................................. ~ 0.25ms
  2026-01-23 14:41:42 /favicon.ico ..................................... ~ 1s
  2026-01-23 14:41:44 /queue/atendimento ............................... ~ 6s
  2026-01-23 14:41:50 /queue/tickets/atendimento ................... ~ 0.03ms
  2026-01-23 14:41:50 /favicon.ico ................................. ~ 0.02ms
  2026-01-23 14:41:54 /favicon.ico ................................. ~ 0.20ms
  2026-01-23 14:41:54 /favicon.ico ..................................... ~ 2s
  2026-01-23 14:41:57 .................................................. ~ 1m
  2026-01-23 14:42:57 /selecionar-guiche ........................... ~ 0.03ms
  2026-01-23 14:42:57 / ............................................ ~ 0.02ms
  2026-01-23 14:42:57 /images/atendenteico.png ..................... ~ 0.03ms
  2026-01-23 14:42:57 /favicon.ico ................................. ~ 0.02ms
  2026-01-23 14:43:03 /selecionar-guiche ........................... ~ 0.14ms
  2026-01-23 14:43:03 / ............................................ ~ 0.03ms
  2026-01-23 14:43:03 /images/atendenteico.png ..................... ~ 0.02ms
  2026-01-23 14:43:03 /favicon.ico ................................. ~ 0.02ms
  2026-01-23 14:43:10 /selecionar-guiche ........................... ~ 0.10ms
  2026-01-23 14:43:10 / ............................................ ~ 0.02ms
  2026-01-23 14:43:10 /images/atendenteico.png ..................... ~ 0.02ms
  2026-01-23 14:43:10 /favicon.ico ................................. ~ 0.02ms
  2026-01-23 14:43:11 / ............................................ ~ 0.09ms
  2026-01-23 14:43:12 /images/atendenteico.png ..................... ~ 0.02ms
  2026-01-23 14:43:12 /favicon.ico ................................. ~ 0.02ms
  2026-01-23 14:43:15 / ............................................ ~ 0.38ms
  2026-01-23 14:43:15 /images/atendenteico.png ................... ~ 501.52ms
  2026-01-23 14:43:15 /favicon.ico ................................. ~ 0.10ms
  2026-01-23 14:45:37 / ............................................ ~ 0.15ms
  2026-01-23 14:45:37 /images/atendenteico.png ..................... ~ 0.43ms
  2026-01-23 14:45:37 /favicon.ico ................................. ~ 0.02ms
  2026-01-23 14:45:42 /logout ...................................... ~ 0.08ms
  2026-01-23 14:45:42 / ............................................ ~ 0.03ms
  2026-01-23 14:45:42 /login ....................................... ~ 0.02ms
  2026-01-23 14:45:42 /images/login.png .......................... ~ 500.22ms
  2026-01-23 14:45:43 /favicon.ico ................................. ~ 0.03ms
  2026-01-23 14:45:50 /login ....................................... ~ 0.12ms
  2026-01-23 14:45:50 / ............................................ ~ 0.03ms
  2026-01-23 14:45:50 /images/atendenteico.png ..................... ~ 0.03ms
  2026-01-23 14:45:50 /favicon.ico ................................. ~ 0.13ms
  2026-01-23 14:46:00 /selecionar-guiche ........................... ~ 0.22ms
  2026-01-23 14:46:00 / ............................................ ~ 0.03ms
  2026-01-23 14:46:00 /images/atendenteico.png ..................... ~ 0.02ms
  2026-01-23 14:46:00 /favicon.ico ................................. ~ 0.08ms
  2026-01-23 14:48:11 / ............................................ ~ 0.19ms
  2026-01-23 14:48:11 /images/atendenteico.png ..................... ~ 0.06ms
  2026-01-23 14:48:11 /favicon.ico ................................. ~ 0.05ms
  2026-01-23 14:48:11 / ............................................ ~ 0.08ms
  2026-01-23 14:48:11 /images/atendenteico.png ..................... ~ 0.03ms
  2026-01-23 14:48:11 /favicon.ico ................................. ~ 0.03ms
  2026-01-23 14:48:14 /selecionar-guiche ........................... ~ 0.09ms
  2026-01-23 14:48:15 / ............................................ ~ 0.02ms
  2026-01-23 14:48:15 /images/atendenteico.png ..................... ~ 2.11ms
  2026-01-23 14:48:15 /favicon.ico ................................. ~ 0.13ms
  2026-01-23 14:48:17 /logout ...................................... ~ 0.14ms
  2026-01-23 14:48:18 / ............................................ ~ 0.03ms
  2026-01-23 14:48:18 /login ....................................... ~ 0.02ms
  2026-01-23 14:48:18 /images/login.png ............................ ~ 0.02ms
  2026-01-23 14:48:18 /favicon.ico ................................. ~ 0.02ms
  2026-01-23 14:48:23 / ............................................ ~ 0.18ms
  2026-01-23 14:48:23 /images/atendenteico.png ..................... ~ 2.35ms
  2026-01-23 14:48:23 /favicon.ico ................................. ~ 0.03ms
  2026-01-23 14:48:52 /login ....................................... ~ 0.91ms
  2026-01-23 14:48:52 / ............................................ ~ 0.03ms
  2026-01-23 14:48:52 /images/atendenteico.png ..................... ~ 0.13ms
  2026-01-23 14:48:52 /favicon.ico ................................. ~ 0.07ms
  2026-01-23 14:49:07 /selecionar-guiche ........................... ~ 0.08ms
  2026-01-23 14:49:07 / ............................................ ~ 0.03ms
  2026-01-23 14:49:07 /images/atendenteico.png ..................... ~ 1.17ms
  2026-01-23 14:49:07 /favicon.ico ................................. ~ 0.13ms
  2026-01-23 14:49:56 /selecionar-guiche ........................... ~ 0.10ms
  2026-01-23 14:49:56 / ............................................ ~ 0.33ms
  2026-01-23 14:49:56 /images/atendenteico.png ..................... ~ 0.02ms
  2026-01-23 14:49:57 /favicon.ico ................................. ~ 0.12ms
  2026-01-23 14:50:01 /home ........................................ ~ 0.09ms
  2026-01-23 14:50:01 /images/atendenteico.png ..................... ~ 0.04ms
  2026-01-23 14:50:01 /images/triagemico.png ....................... ~ 0.21ms
  2026-01-23 14:50:01 /favicon.ico ................................. ~ 0.02ms
  2026-01-23 14:50:04 /favicon.ico ................................. ~ 0.10ms
  2026-01-23 14:50:04 /selecionar-guiche ............................... ~ 2s
  2026-01-23 14:50:06 / ............................................ ~ 0.03ms
  2026-01-23 14:50:06 /images/atendenteico.png ..................... ~ 0.03ms
  2026-01-23 14:50:06 /favicon.ico ................................. ~ 0.02ms
  2026-01-23 14:50:28 /selecionar-guiche ........................... ~ 0.17ms
  2026-01-23 14:50:28 / ............................................ ~ 0.06ms
  2026-01-23 14:50:28 /images/atendenteico.png ..................... ~ 0.02ms
  2026-01-23 14:50:28 /favicon.ico ................................. ~ 0.03ms
  2026-01-23 14:50:37 /selecionar-guiche ........................... ~ 0.14ms
  2026-01-23 14:50:37 / ............................................ ~ 0.06ms
  2026-01-23 14:50:37 /images/atendenteico.png ..................... ~ 0.03ms
  2026-01-23 14:50:37 /favicon.ico ................................. ~ 0.02ms
  2026-01-23 14:50:45 /home ...................................... ~ 500.46ms
  2026-01-23 14:50:45 /images/atendenteico.png ..................... ~ 0.09ms
  2026-01-23 14:50:45 /images/triagemico.png ....................... ~ 2.49ms
  2026-01-23 14:50:45 /favicon.ico ................................. ~ 0.03ms
  2026-01-23 14:50:52 /favicon.ico ................................. ~ 0.13ms
  2026-01-23 14:50:52 /home ........................................... ~ 15s
  2026-01-23 14:51:07 /images/atendenteico.png ..................... ~ 0.04ms
  2026-01-23 14:51:07 /images/triagemico.png ....................... ~ 0.18ms
  2026-01-23 14:51:07 /favicon.ico ................................. ~ 2.10ms
  2026-01-23 14:51:10 /queue/atendimento ........................... ~ 0.09ms
  2026-01-23 14:51:10 /queue/tickets/atendimento ................... ~ 0.03ms
  2026-01-23 14:51:10 /favicon.ico ................................. ~ 0.03ms
  2026-01-23 14:51:12 /home ........................................ ~ 0.09ms
  2026-01-23 14:51:13 /images/triagemico.png ....................... ~ 0.03ms
  2026-01-23 14:51:13 /images/atendenteico.png ..................... ~ 0.02ms
  2026-01-23 14:51:13 /favicon.ico ................................. ~ 0.07ms
  2026-01-23 14:51:16 /favicon.ico ................................. ~ 0.23ms
  2026-01-23 14:51:16 /queue/tickets/atendimento ....................... ~ 5s
  2026-01-23 14:51:26 /queue/tickets/atendimento ................... ~ 0.76ms
  2026-01-23 14:51:29 /favicon.ico ................................. ~ 0.24ms
  2026-01-23 14:51:29 /queue/atendimento ............................... ~ 2s
  2026-01-23 14:51:31 /queue/tickets/atendimento ................... ~ 0.03ms
  2026-01-23 14:51:31 /favicon.ico ................................. ~ 0.03ms
  2026-01-23 14:51:36 /queue/tickets/atendimento ................... ~ 0.41ms
  2026-01-23 14:51:41 /queue/tickets/atendimento ................... ~ 0.97ms
  2026-01-23 14:51:46 /queue/tickets/atendimento ................... ~ 0.10ms
  2026-01-23 14:51:51 /queue/tickets/atendimento ................... ~ 0.78ms
  2026-01-23 14:51:56 /queue/tickets/atendimento ................... ~ 0.10ms
  2026-01-23 14:52:01 /queue/tickets/atendimento ................... ~ 0.14ms
  2026-01-23 14:52:06 /queue/tickets/atendimento ................... ~ 0.11ms
  2026-01-23 14:52:11 /queue/tickets/atendimento ................... ~ 0.12ms
  2026-01-23 14:52:16 /queue/tickets/atendimento ................... ~ 0.09ms
  2026-01-23 14:52:21 /queue/tickets/atendimento ................... ~ 0.13ms
  2026-01-23 14:52:26 /queue/tickets/atendimento ................... ~ 0.14ms
  2026-01-23 14:52:31 /queue/tickets/atendimento ................... ~ 0.14ms
  2026-01-23 14:52:36 /queue/tickets/atendimento ................... ~ 0.15ms
  2026-01-23 14:52:41 /queue/tickets/atendimento ................... ~ 0.10ms
  2026-01-23 14:52:46 /queue/tickets/atendimento ................... ~ 0.17ms
  2026-01-23 14:52:51 /queue/tickets/atendimento ................... ~ 0.14ms
  2026-01-23 14:52:56 /queue/tickets/atendimento ................... ~ 0.17ms
  2026-01-23 14:53:01 /queue/tickets/atendimento ................... ~ 0.09ms
  2026-01-23 14:53:01 /queue/triagem ............................... ~ 0.15ms
  2026-01-23 14:53:01 /queue/tickets/triagem ....................... ~ 0.05ms
  2026-01-23 14:53:01 /favicon.ico ................................. ~ 0.06ms
  2026-01-23 14:53:06 /queue/tickets/triagem ....................... ~ 0.42ms
  2026-01-23 14:53:11 /queue/tickets/triagem ....................... ~ 0.09ms
  2026-01-23 14:53:13 /queue/triagem ............................. ~ 500.51ms
  2026-01-23 14:53:13 /queue/tickets/triagem ....................... ~ 0.07ms
  2026-01-23 14:53:13 /favicon.ico ................................. ~ 0.03ms
  2026-01-23 14:53:13 /ticket/take ................................. ~ 1.75ms
  2026-01-23 14:53:14 /images/regular.png .......................... ~ 0.03ms
  2026-01-23 14:53:14 /images/preferencial.png ..................... ~ 0.55ms
  2026-01-23 14:53:14 /favicon.ico ................................. ~ 0.06ms
  2026-01-23 14:53:14 /images/bgticket.png ....................... ~ 500.50ms
  2026-01-23 14:53:41 /ticket/take ................................. ~ 0.08ms
  2026-01-23 14:53:41 /ticket/1 .................................. ~ 500.31ms
  2026-01-23 14:53:41 /images/bgticket.png ....................... ~ 500.23ms
  2026-01-23 14:53:46 /favicon.ico ................................. ~ 0.10ms
  2026-01-23 14:53:46 /ticket/take ................................. ~ 0.07ms
  2026-01-23 14:53:46 /images/regular.png .......................... ~ 0.03ms
  2026-01-23 14:53:46 /images/preferencial.png ..................... ~ 0.02ms
  2026-01-23 14:53:46 /images/bgticket.png ....................... ~ 500.36ms
  2026-01-23 14:53:47 /favicon.ico ................................. ~ 0.14ms
  2026-01-23 14:53:47 /ticket/take ................................. ~ 0.07ms
  2026-01-23 14:53:48 /ticket/2 .................................... ~ 0.06ms
  2026-01-23 14:53:48 /images/bgticket.png ............................. ~ 1s
  2026-01-23 14:53:49 /favicon.ico ................................. ~ 0.08ms
  2026-01-23 14:53:56 /favicon.ico ..................................... ~ 2s
  2026-01-23 14:53:56 /favicon.ico ..................................... ~ 3s
  2026-01-23 14:53:59 /queue/tickets/triagem ........................... ~ 5s
  2026-01-23 14:54:06 /favicon.ico ................................. ~ 0.16ms
  2026-01-23 14:54:06 /favicon.ico ..................................... ~ 1s
  2026-01-23 14:54:07 /queue/triagem ................................... ~ 1s
  2026-01-23 14:54:08 /queue/tickets/triagem ....................... ~ 0.06ms
  2026-01-23 14:54:08 /favicon.ico ................................. ~ 0.03ms
  2026-01-23 14:54:13 /queue/tickets/triagem ....................... ~ 1.76ms
  2026-01-23 14:54:15 /favicon.ico ................................. ~ 0.17ms
  2026-01-23 14:54:15 /queue/triagem ................................... ~ 2s
  2026-01-23 14:54:17 /queue/tickets/triagem ....................... ~ 0.03ms
  2026-01-23 14:54:17 /favicon.ico ................................. ~ 0.03ms
  2026-01-23 14:54:22 /logout ...................................... ~ 0.09ms
  2026-01-23 14:54:22 / .......................................... ~ 500.36ms
  2026-01-23 14:54:22 /login ....................................... ~ 0.03ms
  2026-01-23 14:54:22 /queue/tickets/triagem ....................... ~ 0.02ms
  2026-01-23 14:54:22 /images/login.png ............................ ~ 0.02ms
  2026-01-23 14:54:22 /favicon.ico ................................. ~ 0.02ms
  2026-01-23 14:54:27 /login ..................................... ~ 500.37ms
  2026-01-23 14:54:28 /login ....................................... ~ 2.10ms
  2026-01-23 14:54:28 /images/login.png .......................... ~ 500.34ms
  2026-01-23 14:54:28 /favicon.ico ................................. ~ 0.05ms
  2026-01-23 14:54:33 /login ..................................... ~ 500.30ms
  2026-01-23 14:54:33 /queue/tickets/triagem ....................... ~ 0.05ms
  2026-01-23 14:54:33 /favicon.ico ................................. ~ 0.06ms
  2026-01-23 14:54:36 /queue/tickets/triagem ....................... ~ 0.09ms
  2026-01-23 14:54:36 /favicon.ico ................................. ~ 0.03ms
  2026-01-23 14:54:43 /login ..................................... ~ 500.40ms
  2026-01-23 14:54:43 /dashboard ................................... ~ 0.03ms
  2026-01-23 14:54:43 /favicon.ico ................................. ~ 0.03ms
  2026-01-23 14:56:25 /favicon.ico ................................. ~ 0.21ms
  2026-01-23 14:56:25 /favicon.ico ..................................... ~ 1s
  2026-01-23 14:56:26 /queue/tickets/triagem ........................... ~ 5s
  2026-01-23 14:56:33 /ticket/take ................................. ~ 0.08ms
  2026-01-23 14:56:34 /images/regular.png .......................... ~ 0.04ms
  2026-01-23 14:56:34 /images/preferencial.png ..................... ~ 0.20ms
  2026-01-23 14:56:34 /images/bgticket.png ....................... ~ 500.34ms
  2026-01-23 14:56:34 /favicon.ico ................................. ~ 0.17ms
  2026-01-23 14:56:40 /favicon.ico ................................. ~ 0.13ms
  2026-01-23 14:56:40 /queue/tickets/triagem ........................... ~ 5s
  2026-01-23 14:56:49 /queue/atendimento ......................... ~ 500.51ms
  2026-01-23 14:56:49 /queue/tickets/atendimento ................... ~ 0.05ms
  2026-01-23 14:56:49 /favicon.ico ................................. ~ 0.03ms
  2026-01-23 14:56:51 /queue/triagem ................................... ~ 1s
  2026-01-23 14:56:52 /queue/tickets/triagem ....................... ~ 0.03ms
  2026-01-23 14:56:52 /favicon.ico ................................. ~ 0.03ms
  2026-01-23 14:56:57 /queue/tickets/triagem ....................... ~ 0.20ms
  2026-01-23 14:57:02 /queue/tickets/triagem ....................... ~ 0.15ms
  2026-01-23 14:57:06 /queue/triagem/call ........................ ~ 500.31ms
  2026-01-23 14:57:06 /queue/triagem ............................... ~ 0.03ms
  2026-01-23 14:57:06 /queue/tickets/triagem ....................... ~ 0.02ms
  2026-01-23 14:57:06 /favicon.ico ................................. ~ 0.02ms
  2026-01-23 14:57:11 /queue/tickets/triagem ....................... ~ 0.15ms
  2026-01-23 14:57:16 /queue/tickets/triagem ....................... ~ 0.16ms
  2026-01-23 14:57:16 /home ........................................ ~ 0.03ms
  2026-01-23 14:57:17 /images/triagemico.png ....................... ~ 0.03ms
  2026-01-23 14:57:17 /images/atendenteico.png ..................... ~ 2.63ms
  2026-01-23 14:57:17 /images/graficoico.png ....................... ~ 0.04ms
  2026-01-23 14:57:17 /images/painel.png ........................... ~ 0.20ms
  2026-01-23 14:57:17 /favicon.ico ................................. ~ 0.02ms
  2026-01-23 14:57:28 /dashboard ................................... ~ 0.10ms
  2026-01-23 14:57:28 /favicon.ico ................................. ~ 0.38ms
  2026-01-23 14:57:30 /favicon.ico ................................. ~ 0.21ms
  2026-01-23 14:57:30 /adminPanel ...................................... ~ 1s
  2026-01-23 14:57:32 /favicon.ico ................................. ~ 0.03ms
  2026-01-23 14:57:43 /Painel ...................................... ~ 1.39ms
  2026-01-23 14:57:43 /favicon.ico ............................... ~ 500.33ms
  2026-01-23 14:57:50 /favicon.ico ................................. ~ 0.13ms
  2026-01-23 14:58:04 /painel ...................................... ~ 0.17ms
  2026-01-23 14:58:04 /painel/data ................................. ~ 0.74ms
  2026-01-23 14:58:04 /sounds/notification.mp3 ..................... ~ 0.02ms
  2026-01-23 14:58:05 /favicon.ico ................................. ~ 0.15ms
  2026-01-23 14:58:07 /painel/data ................................. ~ 0.10ms
  2026-01-23 14:58:10 /painel/data ................................. ~ 0.18ms
  2026-01-23 14:58:13 /painel/data ................................. ~ 0.14ms
  2026-01-23 14:58:16 /painel/data ................................. ~ 0.10ms
  2026-01-23 14:57:50 /panel .......................................... ~ 29s
  2026-01-23 14:58:18 /favicon.ico ................................. ~ 0.03ms
  2026-01-23 14:58:19 /painel/data ................................. ~ 0.15ms
  2026-01-23 14:58:22 /painel/data ................................. ~ 0.10ms
  2026-01-23 14:58:25 /painel/data ................................. ~ 0.14ms
  2026-01-23 14:58:26 /painel ...................................... ~ 0.08ms
  2026-01-23 14:58:26 /painel/data ................................. ~ 0.03ms
  2026-01-23 14:58:26 /sounds/notification.mp3 ..................... ~ 0.23ms
  2026-01-23 14:58:28 /painel/data ................................. ~ 0.08ms
  2026-01-23 14:58:29 /favicon.ico ................................. ~ 0.03ms
  2026-01-23 14:58:29 /painel/data ................................. ~ 0.13ms
  2026-01-23 14:58:31 /painel/data ................................. ~ 0.22ms
  2026-01-23 14:58:32 /painel/data ................................. ~ 0.19ms
  2026-01-23 14:58:34 /painel/data ................................. ~ 0.09ms
  2026-01-23 14:58:35 /painel/data ................................. ~ 0.13ms
  2026-01-23 14:58:37 /painel/data ................................. ~ 0.15ms
  2026-01-23 14:58:38 /painel/data ................................. ~ 0.07ms
  2026-01-23 14:58:40 /painel/data ................................. ~ 0.09ms
  2026-01-23 14:58:41 /painel/data ................................. ~ 0.10ms
  2026-01-23 14:58:43 /painel/data ................................. ~ 0.09ms
  2026-01-23 14:58:44 /painel/data ................................. ~ 0.09ms
  2026-01-23 14:58:46 /painel/data ................................. ~ 0.12ms
  2026-01-23 14:58:47 /painel/data ................................. ~ 0.13ms
  2026-01-23 14:58:50 /painel/data ................................. ~ 0.12ms
  2026-01-23 14:58:50 /painel/data ................................. ~ 0.03ms
  2026-01-23 14:58:53 /painel/data ................................. ~ 0.15ms
  2026-01-23 14:58:53 /painel/data ................................. ~ 0.05ms
  2026-01-23 14:58:56 /painel/data ................................. ~ 0.17ms
  2026-01-23 14:58:56 /painel/data ................................. ~ 0.03ms
  2026-01-23 14:58:59 /painel/data ................................. ~ 0.08ms
  2026-01-23 14:58:59 /painel/data ................................. ~ 0.05ms
  2026-01-23 14:59:02 /painel/data ................................. ~ 0.11ms
  2026-01-23 14:59:02 /painel/data ................................. ~ 0.03ms
  2026-01-23 14:59:05 /painel/data ................................. ~ 0.09ms
  2026-01-23 14:59:05 /painel/data ................................. ~ 0.02ms
  2026-01-23 14:59:08 /painel/data ................................. ~ 0.18ms
  2026-01-23 14:59:08 /painel/data ................................. ~ 0.03ms
  2026-01-23 14:59:11 /painel/data ................................. ~ 0.16ms
  2026-01-23 14:59:11 /painel/data ................................. ~ 0.06ms
  2026-01-23 14:59:11 /favicon.ico ................................. ~ 0.15ms
  2026-01-23 14:59:11 /favicon.ico ............................... ~ 500.97ms
  2026-01-23 14:59:12 /favicon.ico ..................................... ~ 1s
  2026-01-23 14:59:14 /painel/data ................................. ~ 0.09ms
  2026-01-23 14:59:14 /favicon.ico ............................... ~ 503.78ms
  2026-01-23 14:59:17 /painel/data ................................. ~ 0.10ms
  2026-01-23 14:59:14 /favicon.ico ..................................... ~ 3s
  2026-01-23 14:59:17 /favicon.ico ..................................... ~ 1s
  2026-01-23 14:59:19 /favicon.ico ............................... ~ 501.35ms
  2026-01-23 14:59:20 /painel/data ................................. ~ 0.12ms
  2026-01-23 14:59:20 /home ............................................ ~ 1s
  2026-01-23 14:59:21 /images/triagemico.png ....................... ~ 0.05ms
  2026-01-23 14:59:21 /images/graficoico.png ....................... ~ 0.03ms
  2026-01-23 14:59:21 /images/painel.png ........................... ~ 0.19ms
  2026-01-23 14:59:21 /images/atendenteico.png ..................... ~ 0.18ms
  2026-01-23 14:59:21 /favicon.ico ................................. ~ 0.02ms
  2026-01-23 14:59:23 /painel/data ................................. ~ 0.08ms
  2026-01-23 14:59:25 /queue/atendimento ........................... ~ 0.11ms
  2026-01-23 14:59:25 /queue/tickets/atendimento ................... ~ 0.02ms
  2026-01-23 14:59:26 /favicon.ico ................................. ~ 0.02ms
  2026-01-23 14:59:26 /painel/data ................................. ~ 0.13ms
  2026-01-23 14:59:29 /painel/data ................................. ~ 0.09ms
  2026-01-23 14:59:31 /queue/tickets/atendimento ................... ~ 0.12ms
  2026-01-23 14:59:32 /painel/data ................................. ~ 0.08ms
  2026-01-23 14:59:33 /dashboard ................................... ~ 0.08ms
  2026-01-23 14:59:33 /favicon.ico ................................. ~ 0.05ms
  2026-01-23 14:59:35 /painel/data ................................. ~ 0.15ms
  2026-01-23 14:59:37 /favicon.ico ................................. ~ 0.15ms
  2026-01-23 14:59:38 /painel/data ................................. ~ 0.08ms
  2026-01-23 14:59:37 /home ............................................ ~ 1s
  2026-01-23 14:59:38 /images/triagemico.png ....................... ~ 0.03ms
  2026-01-23 14:59:38 /images/atendenteico.png ..................... ~ 0.02ms
  2026-01-23 14:59:38 /images/graficoico.png ....................... ~ 0.02ms
  2026-01-23 14:59:38 /images/painel.png ........................... ~ 0.11ms
  2026-01-23 14:59:38 /favicon.ico ................................. ~ 0.03ms
  2026-01-23 14:59:40 /queue/atendimento ........................... ~ 0.37ms
  2026-01-23 14:59:40 /queue/tickets/atendimento ................... ~ 0.03ms
  2026-01-23 14:59:40 /favicon.ico ................................. ~ 0.04ms
  2026-01-23 14:59:41 /painel/data ................................. ~ 0.07ms
  2026-01-23 14:59:44 /painel/data ................................. ~ 0.14ms
  2026-01-23 14:59:45 /queue/tickets/atendimento ................... ~ 0.12ms
  2026-01-23 14:59:47 /painel/data ................................. ~ 0.10ms
  2026-01-23 14:59:49 /logout ...................................... ~ 0.11ms
  2026-01-23 14:59:49 / ............................................ ~ 0.03ms
  2026-01-23 14:59:49 /login ....................................... ~ 0.02ms
  2026-01-23 14:59:49 /images/login.png ............................ ~ 0.03ms
  2026-01-23 14:59:49 /favicon.ico ................................. ~ 0.09ms
  2026-01-23 14:59:55 /login ..................................... ~ 500.38ms
  2026-01-23 14:59:55 / ............................................ ~ 0.03ms
  2026-01-23 14:59:56 /images/atendenteico.png ..................... ~ 0.03ms
  2026-01-23 14:59:56 /favicon.ico ................................. ~ 0.02ms
  2026-01-23 15:00:00 /home ........................................ ~ 0.13ms
  2026-01-23 15:00:00 /images/atendenteico.png ..................... ~ 0.08ms
  2026-01-23 15:00:00 /images/triagemico.png ....................... ~ 0.43ms
  2026-01-23 15:00:00 /favicon.ico ................................. ~ 0.02ms
  2026-01-23 15:00:03 /queue/atendimento ........................... ~ 0.08ms
  2026-01-23 15:00:03 /queue/tickets/atendimento ................... ~ 0.05ms
  2026-01-23 15:00:03 /favicon.ico ................................. ~ 0.03ms
  2026-01-23 15:00:08 /queue/tickets/atendimento ................... ~ 0.09ms
  2026-01-23 15:00:10 /painel/data ................................. ~ 0.39ms
  2026-01-23 15:00:13 /queue/tickets/atendimento ................. ~ 500.32ms
  2026-01-23 15:00:18 /queue/tickets/atendimento ................. ~ 500.37ms
  2026-01-23 15:00:23 /queue/tickets/atendimento ................... ~ 0.13ms
  2026-01-23 15:00:23 /favicon.ico ................................. ~ 0.08ms
  2026-01-23 15:00:23 /queue/triagem ................................... ~ 1s
  2026-01-23 15:00:24 /queue/tickets/triagem ....................... ~ 0.03ms
  2026-01-23 15:00:24 /favicon.ico ................................. ~ 0.03ms
  2026-01-23 15:00:29 /queue/tickets/triagem ....................... ~ 0.15ms
  2026-01-23 15:00:34 /queue/tickets/triagem ....................... ~ 0.14ms
  2026-01-23 15:00:38 /queue/triagem/call .......................... ~ 0.09ms
  2026-01-23 15:00:38 /queue/triagem ............................... ~ 0.17ms
  2026-01-23 15:00:38 /queue/tickets/triagem ....................... ~ 0.03ms
  2026-01-23 15:00:38 /favicon.ico ................................. ~ 0.02ms
  2026-01-23 15:00:43 /queue/tickets/triagem ....................... ~ 0.08ms
  2026-01-23 15:00:48 /queue/tickets/triagem ....................... ~ 0.10ms
  2026-01-23 15:00:53 /queue/tickets/triagem ....................... ~ 0.15ms
  2026-01-23 15:00:58 /queue/tickets/triagem ..................... ~ 500.24ms
  2026-01-23 15:01:02 /queue/2/advance ............................. ~ 0.62ms
  2026-01-23 15:01:02 /queue/triagem ............................... ~ 0.03ms
  2026-01-23 15:01:02 /queue/tickets/triagem ....................... ~ 0.16ms
  2026-01-23 15:01:02 /favicon.ico ................................. ~ 0.03ms
  2026-01-23 15:01:07 /queue/tickets/triagem ....................... ~ 0.10ms
  2026-01-23 15:01:10 /painel/data ................................. ~ 0.14ms
  2026-01-23 15:01:12 /queue/tickets/triagem ....................... ~ 0.14ms
  2026-01-23 15:01:16 /queue/atendimento ......................... ~ 500.39ms
  2026-01-23 15:01:16 /queue/tickets/atendimento ................... ~ 0.06ms
  2026-01-23 15:01:16 /favicon.ico ................................. ~ 0.03ms
  2026-01-23 15:01:21 /queue/tickets/atendimento ................... ~ 0.20ms
  2026-01-23 15:01:23 /queue/triagem ............................... ~ 0.08ms
  2026-01-23 15:01:23 /queue/tickets/triagem ....................... ~ 0.02ms
  2026-01-23 15:01:23 /favicon.ico ................................. ~ 0.02ms
  2026-01-23 15:01:28 /queue/tickets/triagem ..................... ~ 500.23ms
  2026-01-23 15:01:33 /queue/tickets/triagem ....................... ~ 0.10ms
  2026-01-23 15:01:38 /queue/tickets/triagem ....................... ~ 0.09ms
  2026-01-23 15:01:43 /queue/tickets/triagem ....................... ~ 0.10ms
  2026-01-23 15:01:48 /queue/tickets/triagem ..................... ~ 500.38ms
  2026-01-23 15:01:53 /queue/tickets/triagem ....................... ~ 0.09ms
  2026-01-23 15:01:54 /ticket/take ................................. ~ 1.73ms
  2026-01-23 15:01:54 /images/regular.png .......................... ~ 0.04ms
  2026-01-23 15:01:54 /images/preferencial.png ..................... ~ 0.20ms
  2026-01-23 15:01:54 /images/bgticket.png ....................... ~ 500.25ms
  2026-01-23 15:01:55 /favicon.ico ................................. ~ 0.03ms
  2026-01-23 15:01:59 /painel/data ................................. ~ 0.17ms
  2026-01-23 15:02:01 /painel/data ................................. ~ 0.10ms
  2026-01-23 15:02:02 /favicon.ico ................................. ~ 0.06ms
  2026-01-23 15:02:02 /favicon.ico ..................................... ~ 2s
  2026-01-23 15:02:04 /painel/data ................................. ~ 0.09ms
  2026-01-23 15:02:07 /painel/data ................................. ~ 0.08ms
  2026-01-23 15:02:04 /queue/tickets/atendimento ....................... ~ 5s
  2026-01-23 15:02:10 /home ........................................ ~ 0.07ms
  2026-01-23 15:02:10 /images/triagemico.png ....................... ~ 0.04ms
  2026-01-23 15:02:10 /images/atendenteico.png ..................... ~ 0.19ms
  2026-01-23 15:02:10 /favicon.ico ................................. ~ 0.02ms
  2026-01-23 15:02:11 /painel/data ................................. ~ 0.20ms
  2026-01-23 15:02:12 /queue/triagem ............................... ~ 0.08ms
  2026-01-23 15:02:12 /queue/tickets/triagem ....................... ~ 0.02ms
  2026-01-23 15:02:12 /favicon.ico ................................. ~ 0.02ms
  2026-01-23 15:02:14 /painel/data ................................. ~ 0.09ms
  2026-01-23 15:02:17 /queue/tickets/triagem ....................... ~ 0.13ms
  2026-01-23 15:02:17 /painel/data ................................. ~ 0.16ms
  2026-01-23 15:02:19 /queue/atendimento ......................... ~ 500.78ms
  2026-01-23 15:02:19 /queue/tickets/atendimento ................... ~ 0.03ms
  2026-01-23 15:02:19 /favicon.ico ................................. ~ 0.03ms
  2026-01-23 15:02:20 /painel/data ................................. ~ 0.09ms
  2026-01-23 15:02:21 /queue/triagem ............................... ~ 0.11ms
  2026-01-23 15:02:22 /queue/tickets/triagem ....................... ~ 0.02ms
  2026-01-23 15:02:22 /favicon.ico ................................. ~ 0.02ms
  2026-01-23 15:02:23 /painel/data ................................. ~ 0.14ms
  2026-01-23 15:02:24 /ticket/take ............................... ~ 500.25ms
  2026-01-23 15:02:24 /images/regular.png .......................... ~ 0.04ms
  2026-01-23 15:02:24 /images/preferencial.png ..................... ~ 0.20ms
  2026-01-23 15:02:25 /images/bgticket.png ....................... ~ 500.32ms
  2026-01-23 15:02:25 /favicon.ico ................................. ~ 0.07ms
  2026-01-23 15:02:26 /painel/data ................................. ~ 0.07ms
  2026-01-23 15:02:29 /painel/data ................................. ~ 0.09ms
  2026-01-23 15:02:32 /painel/data ................................. ~ 0.19ms
  2026-01-23 15:02:35 /painel/data ................................. ~ 0.16ms
  2026-01-23 15:02:38 /painel/data ................................. ~ 0.14ms
  2026-01-23 15:02:41 /painel/data ................................. ~ 0.08ms
  2026-01-23 15:02:44 /painel/data ................................. ~ 0.13ms
  2026-01-23 15:02:47 /painel/data ................................. ~ 0.15ms
  2026-01-23 15:02:50 /painel/data ................................. ~ 0.09ms
  2026-01-23 15:02:53 /painel/data ................................. ~ 0.14ms
  2026-01-23 15:02:56 /painel/data ................................. ~ 0.15ms
  2026-01-23 15:02:59 /painel/data ................................. ~ 0.08ms
  2026-01-23 15:03:02 /painel/data ................................. ~ 0.12ms
  2026-01-23 15:03:05 /painel/data ................................. ~ 0.16ms
  2026-01-23 15:03:10 /painel/data ................................. ~ 0.18ms
  2026-01-23 15:03:58 /favicon.ico ................................. ~ 0.23ms
  2026-01-23 15:03:58 /queue/atendimento ............................... ~ 3s
  2026-01-23 15:04:01 /queue/tickets/atendimento ................... ~ 0.03ms
  2026-01-23 15:04:01 /favicon.ico ................................. ~ 0.02ms
  2026-01-23 15:04:06 /queue/tickets/atendimento ................... ~ 0.09ms
  2026-01-23 15:04:08 /queue/atendimento/call ...................... ~ 0.10ms
  2026-01-23 15:04:08 /queue/atendimento ........................... ~ 0.03ms
  2026-01-23 15:04:08 /queue/tickets/atendimento ................... ~ 0.02ms
  2026-01-23 15:04:08 /favicon.ico ................................. ~ 0.02ms
  2026-01-23 15:04:10 /painel/data ................................. ~ 0.09ms
  2026-01-23 15:04:13 /queue/tickets/atendimento ................... ~ 0.19ms
  2026-01-23 15:04:17 /queue/2/finish .............................. ~ 0.14ms
  2026-01-23 15:04:17 /queue/atendimento ........................... ~ 0.06ms
  2026-01-23 15:04:17 /queue/tickets/atendimento ................... ~ 0.05ms
  2026-01-23 15:04:17 /favicon.ico ................................. ~ 0.02ms
  2026-01-23 15:04:20 /home ........................................ ~ 0.09ms
  2026-01-23 15:04:20 /images/triagemico.png ..................... ~ 500.61ms
  2026-01-23 15:04:20 /images/atendenteico.png ..................... ~ 0.28ms
  2026-01-23 15:04:20 /favicon.ico ................................. ~ 0.02ms
  2026-01-23 15:04:24 /queue/triagem ............................. ~ 500.41ms
  2026-01-23 15:04:24 /queue/tickets/triagem ....................... ~ 0.05ms
  2026-01-23 15:04:24 /favicon.ico ................................. ~ 0.02ms
  2026-01-23 15:04:26 /queue/atendimento ........................... ~ 0.13ms
  2026-01-23 15:04:26 /queue/tickets/atendimento ................... ~ 0.05ms
  2026-01-23 15:04:26 /favicon.ico ................................. ~ 0.06ms
  2026-01-23 15:04:28 /queue/triagem ............................... ~ 0.08ms
  2026-01-23 15:04:28 /queue/tickets/triagem ....................... ~ 0.02ms
  2026-01-23 15:04:28 /favicon.ico ................................. ~ 0.02ms
  2026-01-23 15:04:31 /home ........................................ ~ 0.08ms
  2026-01-23 15:04:32 /images/triagemico.png ..................... ~ 500.41ms
  2026-01-23 15:04:32 /images/atendenteico.png ..................... ~ 0.04ms
  2026-01-23 15:04:32 /favicon.ico ................................. ~ 0.03ms
  2026-01-23 15:04:33 /queue/atendimento ........................... ~ 0.10ms
  2026-01-23 15:04:33 /queue/tickets/atendimento ................... ~ 0.03ms
  2026-01-23 15:04:33 /favicon.ico ................................. ~ 0.02ms
  2026-01-23 15:04:34 /queue/triagem ............................... ~ 0.15ms
  2026-01-23 15:04:34 /queue/tickets/triagem ....................... ~ 0.06ms
  2026-01-23 15:04:34 /favicon.ico ................................. ~ 0.03ms
  2026-01-23 15:04:39 /queue/tickets/triagem ....................... ~ 0.09ms
  2026-01-23 15:04:44 /queue/tickets/triagem ....................... ~ 0.09ms
  2026-01-23 15:04:49 /queue/tickets/triagem ....................... ~ 0.16ms
  2026-01-23 15:04:54 /queue/tickets/triagem ....................... ~ 0.17ms
  2026-01-23 15:04:59 /queue/tickets/triagem ....................... ~ 0.11ms
  2026-01-23 15:05:04 /queue/tickets/triagem ....................... ~ 2.11ms
  2026-01-23 15:05:09 /queue/tickets/triagem ....................... ~ 0.18ms
  2026-01-23 15:05:10 /painel/data ............................... ~ 500.26ms
  2026-01-23 15:05:14 /queue/tickets/triagem ....................... ~ 0.12ms
  2026-01-23 15:05:19 /queue/tickets/triagem ....................... ~ 0.15ms
  2026-01-23 15:05:24 /queue/tickets/triagem ....................... ~ 0.11ms
  2026-01-23 15:05:28 /queue/triagem ............................... ~ 0.11ms
  2026-01-23 15:05:28 /queue/tickets/triagem ....................... ~ 0.03ms
  2026-01-23 15:05:28 /favicon.ico ................................. ~ 0.02ms
  2026-01-23 15:05:33 /queue/tickets/triagem ....................... ~ 1.70ms
  2026-01-23 15:05:36 /ticket/take ............................... ~ 500.42ms
  2026-01-23 15:05:37 /images/regular.png .......................... ~ 0.08ms
  2026-01-23 15:05:37 /images/preferencial.png ..................... ~ 0.25ms
  2026-01-23 15:05:37 /images/bgticket.png ....................... ~ 503.36ms
  2026-01-23 15:05:37 /favicon.ico ................................. ~ 0.03ms
  2026-01-23 15:05:39 /favicon.ico ................................. ~ 0.16ms
  2026-01-23 15:05:39 /queue/tickets/triagem ........................... ~ 5s
  2026-01-23 15:05:49 /queue/tickets/triagem ....................... ~ 0.14ms
  2026-01-23 15:05:54 /queue/tickets/triagem ....................... ~ 0.14ms
  2026-01-23 15:05:59 /queue/tickets/triagem ....................... ~ 0.09ms
  2026-01-23 15:06:04 /queue/tickets/triagem ....................... ~ 0.15ms
  2026-01-23 15:06:09 /queue/tickets/triagem ....................... ~ 1.11ms
  2026-01-23 15:06:10 /painel/data ................................. ~ 0.14ms
  2026-01-23 15:06:14 /queue/tickets/triagem ....................... ~ 0.09ms
  2026-01-23 15:06:19 /queue/tickets/triagem ....................... ~ 0.16ms
  2026-01-23 15:06:24 /queue/tickets/triagem ....................... ~ 0.17ms
  2026-01-23 15:06:29 /queue/tickets/triagem ....................... ~ 0.11ms
  2026-01-23 15:06:34 /queue/tickets/triagem ....................... ~ 0.11ms
  2026-01-23 15:06:39 /queue/tickets/triagem ....................... ~ 0.93ms
  2026-01-23 15:06:44 /queue/tickets/triagem ....................... ~ 0.09ms
  2026-01-23 15:06:49 /queue/tickets/triagem ....................... ~ 0.09ms
  2026-01-23 15:06:54 /queue/tickets/triagem ....................... ~ 0.11ms
  2026-01-23 15:06:59 /queue/tickets/triagem ....................... ~ 0.09ms
  2026-01-23 15:07:04 /queue/tickets/triagem ....................... ~ 0.17ms
  2026-01-23 15:07:09 /queue/tickets/triagem ....................... ~ 0.08ms
  2026-01-23 15:07:10 /painel/data ................................. ~ 0.07ms
  2026-01-23 15:07:14 /queue/tickets/triagem ....................... ~ 0.14ms
  2026-01-23 15:07:19 /queue/tickets/triagem ....................... ~ 0.15ms
  2026-01-23 15:07:24 /queue/tickets/triagem ....................... ~ 0.15ms
  2026-01-23 15:07:29 /queue/tickets/triagem ....................... ~ 0.08ms
  2026-01-23 15:07:34 /queue/tickets/triagem ....................... ~ 0.09ms
  2026-01-23 15:07:39 /queue/tickets/triagem ....................... ~ 0.09ms
  2026-01-23 15:07:44 /queue/tickets/triagem ....................... ~ 0.19ms
  2026-01-23 15:07:49 /queue/tickets/triagem ....................... ~ 0.10ms
  2026-01-23 15:07:54 /queue/tickets/triagem ....................... ~ 0.10ms
  2026-01-23 15:07:59 /queue/tickets/triagem ....................... ~ 0.15ms
  2026-01-23 15:08:04 /queue/tickets/triagem ....................... ~ 0.10ms
  2026-01-23 15:08:09 /queue/tickets/triagem ....................... ~ 2.10ms
  2026-01-23 15:08:10 /painel/data ................................. ~ 0.07ms
  2026-01-23 15:08:14 /queue/tickets/triagem ....................... ~ 0.11ms
  2026-01-23 15:08:19 /queue/tickets/triagem ....................... ~ 0.19ms
  2026-01-23 15:08:24 /queue/tickets/triagem ....................... ~ 0.15ms
  2026-01-23 15:08:29 /queue/tickets/triagem ....................... ~ 0.12ms
  2026-01-23 15:08:34 /queue/tickets/triagem ....................... ~ 0.10ms
  2026-01-23 15:08:39 /queue/tickets/triagem ....................... ~ 0.09ms
  2026-01-23 15:08:44 /queue/tickets/triagem ....................... ~ 0.14ms
  2026-01-23 15:08:49 /queue/tickets/triagem ....................... ~ 0.08ms
  2026-01-23 15:08:54 /queue/tickets/triagem ....................... ~ 0.08ms
  2026-01-23 15:08:59 /queue/tickets/triagem ....................... ~ 0.08ms
  2026-01-23 15:09:04 /queue/tickets/triagem ....................... ~ 0.18ms
  2026-01-23 15:09:09 /queue/tickets/triagem ....................... ~ 0.14ms
  2026-01-23 15:09:10 /painel/data ................................. ~ 0.12ms
  2026-01-23 15:09:14 /queue/tickets/triagem ....................... ~ 0.13ms
  2026-01-23 15:09:19 /queue/tickets/triagem ....................... ~ 0.15ms
  2026-01-23 15:09:24 /queue/tickets/triagem ....................... ~ 0.11ms
  2026-01-23 15:09:29 /queue/tickets/triagem ....................... ~ 0.09ms
  2026-01-23 15:09:34 /queue/tickets/triagem ....................... ~ 0.09ms
  2026-01-23 15:09:39 /queue/tickets/triagem ....................... ~ 0.08ms
  2026-01-23 15:09:44 /queue/tickets/triagem ....................... ~ 0.13ms
  2026-01-23 15:09:49 /queue/tickets/triagem ....................... ~ 0.13ms
  2026-01-23 15:09:54 /queue/tickets/triagem ....................... ~ 0.13ms
  2026-01-23 15:09:59 /queue/tickets/triagem ....................... ~ 0.10ms
  2026-01-23 15:10:04 /queue/tickets/triagem ....................... ~ 0.13ms
  2026-01-23 15:10:09 /queue/tickets/triagem ....................... ~ 1.57ms
  2026-01-23 15:10:10 /painel/data ................................. ~ 0.07ms
  2026-01-23 15:10:14 /queue/tickets/triagem ....................... ~ 0.09ms
  2026-01-23 15:10:19 /queue/tickets/triagem ....................... ~ 0.15ms
  2026-01-23 15:10:24 /queue/tickets/triagem ....................... ~ 0.13ms
  2026-01-23 15:10:29 /queue/tickets/triagem ....................... ~ 0.11ms
  2026-01-23 15:10:34 /queue/tickets/triagem ....................... ~ 0.10ms
  2026-01-23 15:10:39 /queue/tickets/triagem ....................... ~ 0.14ms
  2026-01-23 15:10:44 /queue/tickets/triagem ....................... ~ 0.10ms
  2026-01-23 15:10:49 /queue/tickets/triagem ....................... ~ 0.15ms
  2026-01-23 15:10:54 /queue/tickets/triagem ....................... ~ 0.17ms
  2026-01-23 15:10:59 /queue/tickets/triagem ....................... ~ 0.09ms
  2026-01-23 15:11:04 /queue/tickets/triagem ....................... ~ 0.13ms
  2026-01-23 15:11:09 /queue/tickets/triagem ....................... ~ 0.34ms
  2026-01-23 15:11:10 /painel/data ................................. ~ 0.15ms
  2026-01-23 15:11:14 /queue/tickets/triagem ....................... ~ 0.12ms
  2026-01-23 15:11:19 /queue/tickets/triagem ....................... ~ 0.16ms
  2026-01-23 15:11:24 /queue/tickets/triagem ....................... ~ 1.17ms
  2026-01-23 15:11:29 /queue/tickets/triagem ....................... ~ 0.42ms
  2026-01-23 15:11:34 /queue/tickets/triagem ....................... ~ 0.17ms
  2026-01-23 15:11:39 /queue/tickets/triagem ....................... ~ 0.17ms
  2026-01-23 15:11:44 /queue/tickets/triagem ....................... ~ 0.16ms
  2026-01-23 15:11:49 /queue/tickets/triagem ....................... ~ 0.10ms
  2026-01-23 15:11:54 /queue/tickets/triagem ....................... ~ 0.19ms
  2026-01-23 15:11:59 /queue/tickets/triagem ....................... ~ 0.17ms
  2026-01-23 15:12:04 /queue/tickets/triagem ....................... ~ 0.16ms
  2026-01-23 15:12:09 /queue/tickets/triagem ....................... ~ 0.18ms
  2026-01-23 15:12:10 /painel/data ................................. ~ 0.07ms
  2026-01-23 15:12:14 /queue/tickets/triagem ....................... ~ 0.17ms
  2026-01-23 15:12:19 /queue/tickets/triagem ....................... ~ 0.15ms
  2026-01-23 15:12:24 /queue/tickets/triagem ....................... ~ 0.09ms
  2026-01-23 15:12:29 /queue/tickets/triagem ....................... ~ 0.09ms
  2026-01-23 15:12:34 /queue/tickets/triagem ....................... ~ 0.13ms
  2026-01-23 15:12:39 /queue/tickets/triagem ....................... ~ 0.14ms
  2026-01-23 15:12:44 /queue/tickets/triagem ....................... ~ 0.09ms
  2026-01-23 15:12:49 /queue/tickets/triagem ....................... ~ 0.09ms
  2026-01-23 15:12:54 /queue/tickets/triagem ....................... ~ 0.14ms
  2026-01-23 15:12:59 /queue/tickets/triagem ....................... ~ 0.09ms
  2026-01-23 15:13:04 /queue/tickets/triagem ....................... ~ 0.19ms
  2026-01-23 15:13:09 /queue/tickets/triagem ....................... ~ 2.18ms
  2026-01-23 15:13:10 /painel/data ................................. ~ 0.08ms
  2026-01-23 15:13:14 /queue/tickets/triagem ....................... ~ 0.09ms
  2026-01-23 15:13:19 /queue/tickets/triagem ....................... ~ 0.15ms
  2026-01-23 15:13:24 /queue/tickets/triagem ....................... ~ 0.10ms
  2026-01-23 15:13:29 /queue/tickets/triagem ....................... ~ 0.10ms
  2026-01-23 15:13:34 /queue/tickets/triagem ....................... ~ 0.16ms
  2026-01-23 15:13:39 /queue/tickets/triagem ....................... ~ 0.60ms
  2026-01-23 15:13:44 /queue/tickets/triagem ....................... ~ 0.10ms
  2026-01-23 15:13:49 /queue/tickets/triagem ....................... ~ 0.12ms
  2026-01-23 15:13:54 /queue/tickets/triagem ....................... ~ 0.10ms
  2026-01-23 15:13:59 /queue/tickets/triagem ....................... ~ 0.09ms
  2026-01-23 15:14:04 /queue/tickets/triagem ....................... ~ 0.14ms
  2026-01-23 15:14:09 /queue/tickets/triagem ....................... ~ 0.14ms
  2026-01-23 15:14:10 /painel/data ................................. ~ 0.15ms
  2026-01-23 15:14:14 /queue/tickets/triagem ....................... ~ 0.12ms
  2026-01-23 15:14:19 /queue/tickets/triagem ....................... ~ 0.10ms
  2026-01-23 15:14:24 /queue/tickets/triagem ....................... ~ 0.09ms
  2026-01-23 15:14:29 /queue/tickets/triagem ....................... ~ 0.15ms
  2026-01-23 15:14:34 /queue/tickets/triagem ....................... ~ 0.17ms
  2026-01-23 15:14:39 /queue/tickets/triagem ....................... ~ 0.11ms
  2026-01-23 15:14:44 /queue/tickets/triagem ....................... ~ 0.15ms
  2026-01-23 15:14:49 /queue/tickets/triagem ....................... ~ 0.11ms
  2026-01-23 15:14:54 /queue/tickets/triagem ....................... ~ 0.11ms
  2026-01-23 15:14:59 /queue/tickets/triagem ....................... ~ 0.11ms
  2026-01-23 15:15:04 /queue/tickets/triagem ....................... ~ 0.15ms
  2026-01-23 15:15:09 /queue/tickets/triagem ....................... ~ 0.15ms
  2026-01-23 15:15:10 /painel/data ................................. ~ 0.11ms
  2026-01-23 15:15:14 /queue/tickets/triagem ....................... ~ 0.10ms
  2026-01-23 15:15:19 /queue/tickets/triagem ....................... ~ 0.11ms
  2026-01-23 15:15:24 /queue/tickets/triagem ....................... ~ 0.10ms
  2026-01-23 15:15:29 /queue/tickets/triagem ....................... ~ 0.11ms
  2026-01-23 15:15:34 /queue/tickets/triagem ....................... ~ 0.16ms
  2026-01-23 15:15:39 /queue/tickets/triagem ....................... ~ 0.12ms
  2026-01-23 15:15:44 /queue/tickets/triagem ....................... ~ 0.17ms
  2026-01-23 15:15:49 /queue/tickets/triagem ....................... ~ 0.15ms
  2026-01-23 15:15:54 /queue/tickets/triagem ....................... ~ 0.12ms
  2026-01-23 15:15:59 /queue/tickets/triagem ....................... ~ 0.09ms
  2026-01-23 15:16:04 /queue/tickets/triagem ....................... ~ 0.18ms
  2026-01-23 15:16:09 /queue/tickets/triagem ....................... ~ 0.10ms
  2026-01-23 15:16:10 /painel/data ................................. ~ 0.15ms
  2026-01-23 15:16:14 /queue/tickets/triagem ....................... ~ 0.19ms
  2026-01-23 15:16:19 /queue/tickets/triagem ....................... ~ 0.18ms
  2026-01-23 15:16:24 /queue/tickets/triagem ....................... ~ 0.18ms
  2026-01-23 15:16:29 /queue/tickets/triagem ....................... ~ 0.15ms
  2026-01-23 15:16:34 /queue/tickets/triagem ....................... ~ 0.17ms
  2026-01-23 15:16:39 /queue/tickets/triagem ....................... ~ 0.42ms
  2026-01-23 15:16:44 /queue/tickets/triagem ....................... ~ 0.11ms
  2026-01-23 15:16:49 /queue/tickets/triagem ....................... ~ 0.16ms
  2026-01-23 15:16:54 /queue/tickets/triagem ....................... ~ 0.10ms
  2026-01-23 15:16:59 /queue/tickets/triagem ....................... ~ 0.17ms
  2026-01-23 15:17:04 /queue/tickets/triagem ....................... ~ 0.09ms
  2026-01-23 15:17:09 /queue/tickets/triagem ....................... ~ 0.14ms
  2026-01-23 15:17:10 /painel/data ................................. ~ 0.15ms
  2026-01-23 15:17:14 /queue/tickets/triagem ....................... ~ 0.14ms
  2026-01-23 15:17:19 /queue/tickets/triagem ....................... ~ 0.09ms
  2026-01-23 15:17:24 /queue/tickets/triagem ....................... ~ 0.17ms
  2026-01-23 15:17:29 /queue/tickets/triagem ....................... ~ 0.19ms
  2026-01-23 15:17:31 /ticket/take ................................. ~ 0.09ms
  2026-01-23 15:17:32 /images/regular.png .......................... ~ 0.35ms
  2026-01-23 15:17:32 /images/preferencial.png ..................... ~ 0.20ms
  2026-01-23 15:17:32 /images/bgticket.png ....................... ~ 500.36ms
  2026-01-23 15:17:33 /favicon.ico ................................. ~ 0.56ms
  2026-01-23 15:17:33 /ticket/take ................................. ~ 0.14ms
  2026-01-23 15:17:33 /ticket/3 .................................... ~ 0.08ms
  2026-01-23 15:17:33 /images/bgticket.png ....................... ~ 500.35ms
  2026-01-23 15:17:37 /favicon.ico ................................. ~ 0.16ms
  2026-01-23 15:17:38 /ticket/take ................................. ~ 0.16ms
  2026-01-23 15:17:38 /images/regular.png .......................... ~ 0.03ms
  2026-01-23 15:17:38 /images/preferencial.png ..................... ~ 0.02ms
  2026-01-23 15:17:38 /images/bgticket.png ......................... ~ 0.02ms
  2026-01-23 15:17:38 /images/bgticket.png ....................... ~ 500.39ms
  2026-01-23 15:17:41 /favicon.ico ................................. ~ 0.15ms
  2026-01-23 15:17:42 /ticket/take ................................. ~ 0.10ms
  2026-01-23 15:17:42 /ticket/4 .................................... ~ 0.02ms
  2026-01-23 15:17:42 /images/bgticket.png ............................. ~ 1s
  2026-01-23 15:17:46 /favicon.ico ................................. ~ 0.18ms
  2026-01-23 15:17:47 /favicon.ico ................................. ~ 0.11ms
  2026-01-23 15:17:47 /queue/tickets/triagem ........................... ~ 5s
  2026-01-23 15:17:56 /favicon.ico ................................. ~ 0.17ms
  2026-01-23 15:17:56 /favicon.ico ............................... ~ 501.03ms
  2026-01-23 15:17:57 /queue/atendimento ............................... ~ 1s
  2026-01-23 15:17:58 /queue/tickets/atendimento ................. ~ 500.47ms
  2026-01-23 15:17:58 /favicon.ico ................................. ~ 0.04ms
  2026-01-23 15:18:03 /favicon.ico ................................. ~ 0.18ms
  2026-01-23 15:18:03 /favicon.ico ............................... ~ 501.06ms
  2026-01-23 15:18:03 /ticket/take ..................................... ~ 3s
  2026-01-23 15:18:06 /images/regular.png .......................... ~ 0.04ms
  2026-01-23 15:18:06 /images/preferencial.png ..................... ~ 0.22ms
  2026-01-23 15:18:06 /images/bgticket.png ....................... ~ 500.33ms
  2026-01-23 15:18:07 /ticket/take ................................. ~ 0.08ms
  2026-01-23 15:18:07 /ticket/5 .................................... ~ 0.03ms
  2026-01-23 15:18:07 /images/bgticket.png ....................... ~ 500.36ms
  2026-01-23 15:18:10 /painel/data ................................. ~ 0.14ms
  2026-01-23 15:18:36 /favicon.ico ................................. ~ 0.15ms
  2026-01-23 15:18:36 /ticket/take ................................. ~ 0.02ms
  2026-01-23 15:18:36 /images/regular.png .......................... ~ 0.03ms
  2026-01-23 15:18:36 /images/preferencial.png ..................... ~ 1.87ms
  2026-01-23 15:18:36 /images/bgticket.png ....................... ~ 500.36ms
  2026-01-23 15:18:37 /favicon.ico ................................. ~ 0.07ms
  2026-01-23 15:19:10 /painel/data ................................. ~ 0.11ms
  2026-01-23 15:20:10 /painel/data ................................. ~ 0.09ms
  2026-01-23 15:21:10 /painel/data ................................. ~ 0.11ms
  2026-01-23 15:21:13 /favicon.ico ..................................... ~ 2s
  2026-01-23 15:21:13 /favicon.ico ..................................... ~ 4s
  2026-01-23 15:21:17 /logout .......................................... ~ 3s
  2026-01-23 15:21:20 / ............................................ ~ 0.03ms
  2026-01-23 15:21:20 /login ....................................... ~ 0.02ms
  2026-01-23 15:21:20 /images/login.png ............................ ~ 0.85ms
  2026-01-23 15:21:21 /favicon.ico ................................. ~ 0.18ms
  2026-01-23 15:21:27 /login ..................................... ~ 500.27ms
  2026-01-23 15:21:27 / ............................................ ~ 0.03ms
  2026-01-23 15:21:27 /images/atendenteico.png ..................... ~ 0.03ms
  2026-01-23 15:21:27 /favicon.ico ................................. ~ 0.02ms
  2026-01-23 15:21:43 /home ........................................ ~ 0.09ms
  2026-01-23 15:21:43 /images/atendenteico.png ..................... ~ 0.03ms
  2026-01-23 15:21:43 /images/graficoico.png ....................... ~ 0.02ms
  2026-01-23 15:21:43 /images/triagemico.png ....................... ~ 0.02ms
  2026-01-23 15:21:43 /images/painel.png ........................... ~ 2.32ms
  2026-01-23 15:21:43 /favicon.ico ................................. ~ 0.03ms
  2026-01-23 15:21:47 /adminPanel ................................ ~ 500.36ms
  2026-01-23 15:21:47 /favicon.ico ................................. ~ 0.37ms
  2026-01-23 15:22:10 /painel/data ................................. ~ 0.10ms
  2026-01-23 15:22:56 /favicon.ico ................................. ~ 0.13ms
  2026-01-23 15:22:56 /adminPanel ...................................... ~ 4s
  2026-01-23 15:23:00 /favicon.ico ................................. ~ 0.03ms
  2026-01-23 15:23:10 /painel/data ................................. ~ 0.78ms
  2026-01-23 15:23:26 /favicon.ico ................................. ~ 0.13ms
  2026-01-23 15:23:26 /queue/atendimento .............................. ~ 13s
  2026-01-23 15:23:39 /queue/tickets/atendimento ................. ~ 500.41ms
  2026-01-23 15:23:40 /favicon.ico ................................. ~ 0.03ms
  2026-01-23 15:23:42 /favicon.ico ................................. ~ 0.19ms
  2026-01-23 15:23:42 /dashboard ....................................... ~ 8s
  2026-01-23 15:23:51 /favicon.ico ................................. ~ 0.08ms
  2026-01-23 15:23:59 /favicon.ico ................................. ~ 0.12ms
  2026-01-23 15:24:10 /painel/data ................................. ~ 0.10ms
  2026-01-23 15:25:10 /painel/data ............................... ~ 500.34ms
  2026-01-23 15:26:10 /painel/data ............................... ~ 500.40ms
  2026-01-23 15:23:59 .............................................. ~ 2m 17s
  2026-01-23 15:27:10 /painel/data ................................. ~ 0.09ms
  2026-01-23 15:28:10 /painel/data ................................. ~ 0.09ms
  2026-01-23 15:29:10 /painel/data ................................. ~ 0.09ms
  2026-01-23 15:30:10 /painel/data ................................. ~ 0.14ms
  2026-01-23 15:31:10 /painel/data ................................. ~ 0.14ms
  2026-01-23 15:32:10 /painel/data ................................. ~ 0.08ms
  2026-01-23 15:33:10 /painel/data ................................. ~ 0.10ms
  2026-01-23 15:34:10 /painel/data ................................. ~ 0.10ms
  2026-01-23 15:35:10 /painel/data ................................. ~ 0.11ms
  2026-01-23 15:36:10 /painel/data ................................. ~ 0.10ms
  2026-01-23 15:37:10 /painel/data ................................. ~ 0.18ms
  2026-01-23 15:38:10 /painel/data ................................. ~ 0.18ms
  2026-01-23 15:39:10 /painel/data ................................. ~ 0.17ms
  2026-01-23 15:40:10 /painel/data ................................. ~ 0.16ms
  2026-01-23 15:41:10 /painel/data ................................. ~ 0.20ms
  2026-01-23 15:42:10 /painel/data ................................. ~ 0.13ms
  2026-01-23 15:43:10 /painel/data ................................. ~ 0.11ms
  2026-01-23 15:44:10 /painel/data ................................. ~ 0.16ms
  2026-01-23 15:45:10 /painel/data ................................. ~ 0.15ms
  2026-01-23 15:46:10 /painel/data ................................. ~ 0.15ms
  2026-01-23 15:47:10 /painel/data ................................. ~ 0.21ms
  2026-01-23 15:48:10 /painel/data ................................. ~ 0.16ms
  2026-01-23 15:49:10 /painel/data ................................. ~ 0.19ms
  2026-01-23 15:50:10 /painel/data ................................. ~ 0.20ms
  2026-01-23 15:51:10 /painel/data ................................. ~ 0.09ms
  2026-01-23 15:52:10 /painel/data ................................. ~ 0.17ms
  2026-01-23 15:53:10 /painel/data ................................. ~ 0.18ms
  2026-01-23 15:54:10 /painel/data ............................... ~ 500.24ms
  2026-01-23 15:55:10 /painel/data ............................... ~ 500.38ms
  2026-01-23 15:56:10 /painel/data ................................. ~ 0.09ms
  2026-01-23 15:57:10 /painel/data ................................. ~ 0.09ms
  2026-01-23 15:58:10 /painel/data ................................. ~ 0.18ms
  2026-01-23 15:59:10 /painel/data ................................. ~ 0.09ms
  2026-01-23 16:00:10 /painel/data ................................. ~ 0.11ms
  2026-01-23 16:01:10 /painel/data ................................. ~ 0.10ms
  2026-01-23 16:02:10 /painel/data ................................. ~ 0.09ms
  2026-01-23 16:03:10 /painel/data ................................. ~ 0.10ms
  2026-01-23 16:04:10 /painel/data ................................. ~ 0.10ms
  2026-01-23 16:05:10 /painel/data ................................. ~ 0.10ms
  2026-01-23 16:06:00 /painel/data ................................. ~ 0.12ms
  2026-01-23 17:02:38 / ............................................ ~ 0.25ms
  2026-01-23 17:02:38 /images/triagemico.png ....................... ~ 0.65ms
  2026-01-23 17:02:38 /images/atendenteico.png ..................... ~ 0.20ms
  2026-01-23 17:02:38 /images/graficoico.png ....................... ~ 0.02ms
  2026-01-23 17:02:38 /images/painel.png ........................... ~ 0.02ms
  2026-01-23 17:02:38 /favicon.ico ................................. ~ 0.02ms
  2026-01-23 17:02:42 /queue/atendimento ........................... ~ 0.09ms
  2026-01-23 17:02:42 /queue/tickets/atendimento ................... ~ 0.03ms
  2026-01-23 17:02:42 /favicon.ico ................................. ~ 0.05ms
  2026-01-23 17:02:47 /logout .................................... ~ 500.48ms
  2026-01-23 17:02:47 / ............................................ ~ 0.04ms
  2026-01-23 17:02:47 /login ....................................... ~ 0.02ms
  2026-01-23 17:02:47 /queue/tickets/atendimento ................... ~ 0.02ms
  2026-01-23 17:02:47 /images/login.png ............................ ~ 0.02ms
  2026-01-23 17:02:47 /favicon.ico ................................. ~ 0.02ms
  2026-01-23 17:02:51 /register .................................. ~ 500.29ms
  2026-01-23 17:02:51 /images/login.png ............................ ~ 0.03ms
  2026-01-23 17:02:51 /favicon.ico ................................. ~ 0.02ms
  2026-01-23 17:03:19 /register .................................... ~ 0.12ms
  2026-01-23 17:03:19 /register .................................... ~ 0.46ms
  2026-01-23 17:03:19 /images/login.png ............................ ~ 0.03ms
  2026-01-23 17:03:19 /favicon.ico ................................. ~ 0.02ms
  2026-01-23 17:03:36 /users/assign-category ....................... ~ 0.11ms
  2026-01-23 17:03:36 /login ....................................... ~ 0.30ms
  2026-01-23 17:03:36 /images/login.png ............................ ~ 0.02ms
  2026-01-23 17:03:36 /favicon.ico ................................. ~ 0.03ms
  2026-01-23 17:03:42 /register .................................. ~ 500.45ms
  2026-01-23 17:03:42 /images/login.png ............................ ~ 2.95ms
  2026-01-23 17:03:42 /favicon.ico ................................. ~ 0.03ms
  2026-01-23 17:04:00 /register .................................. ~ 500.44ms
  2026-01-23 17:04:00 /selecionar-guiche ......................... ~ 501.87ms
  2026-01-23 17:04:00 /images/atendenteico.png ..................... ~ 0.03ms
  2026-01-23 17:04:00 /favicon.ico ................................. ~ 0.03ms
  2026-01-23 17:04:09 /logout .................................... ~ 500.42ms
  2026-01-23 17:04:09 / ............................................ ~ 0.07ms
  2026-01-23 17:04:09 /login ....................................... ~ 0.02ms
  2026-01-23 17:04:09 /images/login.png ............................ ~ 2.91ms
  2026-01-23 17:04:09 /favicon.ico ................................. ~ 0.03ms
  2026-01-23 17:04:17 /login ....................................... ~ 0.10ms
  2026-01-23 17:04:17 / ............................................ ~ 0.38ms
  2026-01-23 17:04:17 /images/triagemico.png ....................... ~ 0.10ms
  2026-01-23 17:04:17 /images/atendenteico.png ..................... ~ 0.31ms
  2026-01-23 17:04:17 /favicon.ico ................................. ~ 0.03ms
  2026-01-23 17:04:23 /queue/atendimento ........................... ~ 0.14ms
  2026-01-23 17:04:23 /selecionar-guiche ........................... ~ 0.08ms
  2026-01-23 17:04:23 /images/atendenteico.png ..................... ~ 0.06ms
  2026-01-23 17:04:23 /favicon.ico ................................. ~ 0.03ms
  2026-01-23 17:04:40 /home ...................................... ~ 500.38ms
  2026-01-23 17:04:41 /favicon.ico ................................. ~ 0.03ms
  2026-01-23 17:04:52 /favicon.ico ................................. ~ 0.11ms
  2026-01-23 17:04:52 /favicon.ico ..................................... ~ 1s
  2026-01-23 17:04:52 /login ..................................... ~ 503.45ms
  2026-01-23 17:04:53 /favicon.ico ................................. ~ 0.03ms
  2026-01-23 17:04:58 /favicon.ico ................................. ~ 0.19ms
  2026-01-23 17:04:58 .............................................. ~ 4m 41s
  2026-01-23 17:13:19 /home ........................................ ~ 0.12ms
  2026-01-23 17:13:19 /favicon.ico ................................. ~ 0.03ms
  2026-01-23 17:13:24 / ............................................ ~ 0.15ms
  2026-01-23 17:13:24 /images/atendenteico.png ..................... ~ 0.08ms
  2026-01-23 17:13:24 /images/triagemico.png ....................... ~ 0.09ms
  2026-01-23 17:13:24 /images/graficoico.png ....................... ~ 3.04ms
  2026-01-23 17:13:24 /images/painel.png ........................... ~ 3.18ms
  2026-01-23 17:13:25 /favicon.ico ................................. ~ 0.03ms
  2026-01-23 17:13:28 /logout ...................................... ~ 0.09ms
  2026-01-23 17:13:28 / ............................................ ~ 0.03ms
  2026-01-23 17:13:28 /login ....................................... ~ 0.02ms
  2026-01-23 17:13:28 /images/login.png .......................... ~ 500.32ms
  2026-01-23 17:13:29 /favicon.ico ................................. ~ 0.07ms
  2026-01-23 17:14:10 /login ..................................... ~ 500.41ms
  2026-01-23 17:14:11 /login ....................................... ~ 0.05ms
  2026-01-23 17:14:11 /images/login.png ............................ ~ 0.03ms
  2026-01-23 17:14:11 /favicon.ico ................................. ~ 0.02ms
  2026-01-23 17:14:27 /login ..................................... ~ 500.41ms
  2026-01-23 17:14:28 / ............................................ ~ 0.03ms
  2026-01-23 17:14:28 /images/triagemico.png ....................... ~ 0.04ms
  2026-01-23 17:14:28 /images/atendenteico.png ..................... ~ 0.22ms
  2026-01-23 17:14:28 /favicon.ico ................................. ~ 0.02ms
  2026-01-23 17:14:33 /queue/atendimento ........................... ~ 0.09ms
  2026-01-23 17:14:33 /selecionar-guiche ........................... ~ 0.32ms
  2026-01-23 17:14:33 /images/atendenteico.png ..................... ~ 0.03ms
  2026-01-23 17:14:33 /favicon.ico ................................. ~ 0.02ms
  2026-01-23 17:14:38 /favicon.ico ................................. ~ 0.26ms
  2026-01-23 17:14:38 /queue/triagem ............................. ~ 504.04ms
  2026-01-23 17:14:38 /queue/tickets/triagem ....................... ~ 1.52ms
  2026-01-23 17:14:38 /favicon.ico ................................. ~ 0.03ms
  2026-01-23 17:14:43 /queue/tickets/triagem ....................... ~ 0.14ms
  2026-01-23 17:14:48 /queue/tickets/triagem ....................... ~ 0.16ms
  2026-01-23 17:14:51 /queue/atendimento ......................... ~ 500.35ms
  2026-01-23 17:14:52 /selecionar-guiche ........................... ~ 0.03ms
  2026-01-23 17:14:52 /images/atendenteico.png ..................... ~ 0.03ms
  2026-01-23 17:14:52 /favicon.ico ................................. ~ 0.02ms
  2026-01-23 17:14:57 /favicon.ico ................................. ~ 0.23ms
  2026-01-23 17:14:57 /queue/atendimento ............................... ~ 2s
  2026-01-23 17:14:59 /selecionar-guiche ........................... ~ 0.03ms
  2026-01-23 17:14:59 /images/atendenteico.png ..................... ~ 0.02ms
  2026-01-23 17:14:59 /favicon.ico ................................. ~ 0.02ms
  2026-01-23 17:15:02 /favicon.ico ................................. ~ 0.20ms
  2026-01-23 17:15:02 /queue/tickets/triagem ........................... ~ 5s
  2026-01-23 17:15:09 /queue/atendimento ........................... ~ 0.14ms
  2026-01-23 17:15:09 /selecionar-guiche ........................... ~ 0.06ms
  2026-01-23 17:15:09 /images/atendenteico.png ..................... ~ 0.03ms
  2026-01-23 17:15:09 /favicon.ico ................................. ~ 0.02ms
  2026-01-23 17:15:14 /selecionar-guiche ........................... ~ 0.14ms
  2026-01-23 17:15:14 /queue/atendimento ........................... ~ 0.05ms
  2026-01-23 17:15:14 /queue/tickets/atendimento ................... ~ 0.03ms
  2026-01-23 17:15:14 /favicon.ico ................................. ~ 0.03ms
  2026-01-23 17:15:17 /queue/triagem ............................... ~ 0.48ms
  2026-01-23 17:15:17 /queue/tickets/triagem ..................... ~ 500.24ms
  2026-01-23 17:15:17 /favicon.ico ................................. ~ 0.03ms
  2026-01-23 17:15:18 /queue/atendimento ........................... ~ 1.17ms
  2026-01-23 17:15:18 /queue/tickets/atendimento ................... ~ 0.03ms
  2026-01-23 17:15:18 /favicon.ico ................................. ~ 0.02ms
  2026-01-23 17:15:21 /favicon.ico ............................... ~ 500.33ms
  2026-01-23 17:15:21 /favicon.ico ..................................... ~ 1s
  2026-01-23 17:15:22 /selecionar-guiche ......................... ~ 503.00ms
  2026-01-23 17:15:22 /favicon.ico ................................. ~ 0.07ms
  2026-01-23 17:15:25 /logout .................................... ~ 500.40ms
  2026-01-23 17:15:25 / ............................................ ~ 0.03ms
  2026-01-23 17:15:25 /login ....................................... ~ 0.02ms
  2026-01-23 17:15:25 /images/login.png ............................ ~ 0.02ms
  2026-01-23 17:15:25 /favicon.ico ................................. ~ 0.02ms
  2026-01-23 17:15:45 /login ....................................... ~ 0.22ms
  2026-01-23 17:15:45 / ............................................ ~ 0.02ms
  2026-01-23 17:15:45 /images/triagemico.png ....................... ~ 0.03ms
  2026-01-23 17:15:45 /images/atendenteico.png ..................... ~ 0.18ms
  2026-01-23 17:15:45 /favicon.ico ............................... ~ 500.35ms
  2026-01-23 17:15:52 /queue/atendimento ........................... ~ 0.09ms
  2026-01-23 17:15:52 /queue/tickets/atendimento ................... ~ 0.03ms
  2026-01-23 17:15:52 /favicon.ico ................................. ~ 0.03ms
  2026-01-23 17:15:57 /queue/tickets/atendimento ................... ~ 0.14ms
  2026-01-23 17:16:02 /queue/tickets/atendimento ................... ~ 0.14ms
  2026-01-23 17:16:07 /queue/tickets/atendimento ................... ~ 0.10ms
  2026-01-23 17:16:12 /queue/tickets/atendimento ................... ~ 0.09ms
  2026-01-23 17:16:17 /queue/tickets/atendimento ................... ~ 0.10ms
  2026-01-23 17:16:22 /queue/tickets/atendimento ................... ~ 0.18ms
  2026-01-23 17:16:27 /queue/tickets/atendimento ................... ~ 0.10ms
  2026-01-23 17:16:32 /queue/tickets/atendimento ................... ~ 0.15ms
  2026-01-23 17:16:37 /queue/tickets/atendimento ................... ~ 0.24ms
  2026-01-23 17:16:42 /queue/tickets/atendimento ................... ~ 0.09ms
  2026-01-23 17:16:47 /queue/tickets/atendimento ................... ~ 0.08ms
  2026-01-23 17:16:52 /queue/tickets/atendimento ................... ~ 0.53ms
  2026-01-23 17:16:57 /queue/tickets/atendimento ................... ~ 0.16ms
  2026-01-23 17:17:02 /queue/tickets/atendimento ................... ~ 0.08ms
  2026-01-23 17:17:07 /queue/tickets/atendimento ................... ~ 0.16ms
  2026-01-23 17:17:12 /queue/tickets/atendimento ................... ~ 0.71ms
  2026-01-23 17:17:17 /queue/tickets/atendimento ................... ~ 0.14ms
  2026-01-23 17:17:22 /queue/tickets/atendimento ................... ~ 0.17ms
  2026-01-23 17:17:27 /queue/tickets/atendimento ................... ~ 0.16ms
  2026-01-23 17:17:32 /queue/tickets/atendimento ................... ~ 0.09ms
  2026-01-23 17:17:37 /queue/tickets/atendimento ................... ~ 0.14ms
  2026-01-23 17:17:42 /queue/tickets/atendimento ................... ~ 0.16ms
  2026-01-23 17:17:47 /queue/tickets/atendimento ................... ~ 0.09ms
  2026-01-23 17:17:52 /queue/tickets/atendimento ................... ~ 0.09ms
  2026-01-23 17:17:57 /queue/tickets/atendimento ................... ~ 0.15ms
  2026-01-23 17:18:02 /queue/tickets/atendimento ................... ~ 0.14ms
  2026-01-23 17:18:07 /queue/tickets/atendimento ................... ~ 0.19ms
  2026-01-23 17:18:12 /queue/tickets/atendimento ................... ~ 0.08ms
  2026-01-23 17:26:25 /logout ...................................... ~ 0.20ms
  2026-01-23 17:26:25 / ............................................ ~ 0.73ms
  2026-01-23 17:26:25 /login ....................................... ~ 0.05ms
  2026-01-23 17:26:25 /images/login.png ............................ ~ 0.03ms
  2026-01-23 17:26:25 /favicon.ico ................................. ~ 0.02ms
  2026-01-23 18:03:25 / ............................................ ~ 0.21ms
  2026-01-23 18:03:25 /login ....................................... ~ 1.08ms
  2026-01-23 18:03:25 /images/login.png ............................ ~ 0.03ms
  2026-01-23 18:03:25 /favicon.ico ................................. ~ 0.02ms
  2026-01-23 18:03:33 /login ..................................... ~ 500.29ms
  2026-01-23 18:03:33 /login ..................................... ~ 500.55ms
  2026-01-23 18:03:33 /images/login.png ............................ ~ 0.03ms
  2026-01-23 18:03:33 /favicon.ico ................................. ~ 0.02ms
  2026-01-23 18:03:39 /login ..................................... ~ 500.47ms
  2026-01-23 18:03:39 / .......................................... ~ 502.42ms
  2026-01-23 18:03:40 /images/triagemico.png ....................... ~ 0.04ms
  2026-01-23 18:03:40 /images/atendenteico.png ..................... ~ 0.20ms
  2026-01-23 18:03:40 /images/graficoico.png ....................... ~ 0.03ms
  2026-01-23 18:03:40 /images/painel.png ........................... ~ 0.19ms
  2026-01-23 18:03:40 /favicon.ico ................................. ~ 0.02ms
  2026-01-23 18:03:47 /users/assign-category ....................... ~ 0.16ms
  2026-01-23 18:03:47 / ............................................ ~ 0.07ms
  2026-01-23 18:03:47 /images/triagemico.png ....................... ~ 0.37ms
  2026-01-23 18:03:47 /images/atendenteico.png ..................... ~ 2.56ms
  2026-01-23 18:03:47 /images/graficoico.png ....................... ~ 2.71ms
  2026-01-23 18:03:47 /images/painel.png ........................... ~ 2.85ms
  2026-01-23 18:03:47 /favicon.ico ................................. ~ 0.03ms
  2026-01-23 18:03:47 /users/assign-category ....................... ~ 0.02ms
  2026-01-23 18:03:48 /favicon.ico ................................. ~ 0.09ms
  2026-01-23 18:03:51 /users/assign-category ....................... ~ 0.11ms
  2026-01-23 18:03:51 /favicon.ico ................................. ~ 0.36ms
  2026-01-23 18:04:11 /users/assign-category ....................... ~ 0.15ms
  2026-01-23 18:04:11 /favicon.ico ................................. ~ 0.55ms
  2026-01-23 18:04:12 /users/assign-category ....................... ~ 0.08ms
  2026-01-23 18:04:12 /favicon.ico ................................. ~ 0.25ms
  2026-01-23 18:04:13 /users/assign-category ....................... ~ 0.13ms
  2026-01-23 18:04:13 /favicon.ico ................................. ~ 0.52ms
  2026-01-23 18:04:56 /users/assign-category ....................... ~ 0.17ms
  2026-01-23 18:04:56 /favicon.ico ................................. ~ 0.62ms
  2026-01-23 18:05:01 /users/1/update-category ..................... ~ 0.11ms
  2026-01-23 18:05:01 /adminPanel ................................ ~ 501.17ms
  2026-01-23 18:05:01 /favicon.ico ................................. ~ 0.08ms
  2026-01-23 18:05:13 /users/assign-category ....................... ~ 0.16ms
  2026-01-23 18:05:13 /favicon.ico ................................. ~ 0.07ms
  2026-01-23 18:06:22 /users/3 ..................................... ~ 0.16ms
  2026-01-23 18:06:22 /favicon.ico ................................. ~ 0.49ms
  2026-01-23 18:06:27 /favicon.ico ................................. ~ 0.13ms
  2026-01-23 18:06:38 / ............................................ ~ 0.09ms
  2026-01-23 18:06:38 /images/triagemico.png ....................... ~ 0.43ms
  2026-01-23 18:06:38 /images/atendenteico.png ..................... ~ 0.19ms
  2026-01-23 18:06:38 /images/graficoico.png ....................... ~ 0.03ms
  2026-01-23 18:06:38 /images/painel.png ........................... ~ 3.00ms
  2026-01-23 18:06:38 /favicon.ico ................................. ~ 0.03ms
  2026-01-23 18:06:41 /logout ...................................... ~ 0.09ms
  2026-01-23 18:06:41 / ............................................ ~ 0.02ms
  2026-01-23 18:06:41 /login ....................................... ~ 0.02ms
  2026-01-23 18:06:41 /images/login.png ............................ ~ 0.04ms
  2026-01-23 18:06:41 /favicon.ico ................................. ~ 0.03ms
  2026-01-23 18:06:52 /login ..................................... ~ 500.29ms
  2026-01-23 18:06:52 / .......................................... ~ 500.78ms
  2026-01-23 18:06:53 /images/triagemico.png ....................... ~ 0.05ms
  2026-01-23 18:06:53 /images/atendenteico.png ..................... ~ 0.29ms
  2026-01-23 18:06:53 /favicon.ico ................................. ~ 0.03ms
  2026-01-23 18:06:58 /users/assign-category ....................... ~ 0.08ms
  2026-01-23 18:06:59 /favicon.ico ................................. ~ 0.07ms
  2026-01-23 18:07:04 /users/3/update-category ..................... ~ 0.15ms
  2026-01-23 18:07:04 /adminPanel .................................. ~ 0.52ms
  2026-01-23 18:07:04 /favicon.ico ................................. ~ 0.03ms
  2026-01-23 18:07:09 /favicon.ico ................................. ~ 0.16ms
  2026-01-23 18:07:11 /users/assign-category ....................... ~ 1.35ms
  2026-01-23 18:07:11 /favicon.ico ................................. ~ 1.54ms
  2026-01-23 18:07:16 /users/1 ..................................... ~ 0.15ms
  2026-01-23 18:07:16 /favicon.ico ................................. ~ 2.02ms
  2026-01-23 18:07:22 /favicon.ico ................................. ~ 0.15ms
  2026-01-23 18:07:24 /users/assign-category ....................... ~ 0.09ms
  2026-01-23 18:07:24 /favicon.ico ................................. ~ 0.29ms
  2026-01-23 18:07:25 /users/assign-category ....................... ~ 0.15ms
  2026-01-23 18:07:25 /favicon.ico ................................. ~ 0.59ms
  2026-01-23 18:07:25 /users/assign-category ....................... ~ 0.09ms
  2026-01-23 18:07:25 /favicon.ico ................................. ~ 0.87ms
  2026-01-23 18:07:26 /users/assign-category ....................... ~ 0.16ms
  2026-01-23 18:07:26 /favicon.ico ................................. ~ 0.51ms
  2026-01-23 18:07:35 /users/1/update-category ..................... ~ 0.10ms
  2026-01-23 18:07:35 /users/assign-category ....................... ~ 0.32ms
  2026-01-23 18:07:35 /favicon.ico ................................. ~ 0.03ms
  2026-01-23 18:07:37 /users/1/update-category ................... ~ 500.38ms
  2026-01-23 18:07:37 /adminPanel ................................ ~ 500.75ms
  2026-01-23 18:07:37 /favicon.ico ................................. ~ 0.03ms
  2026-01-23 18:07:39 /favicon.ico ................................. ~ 0.14ms
  2026-01-23 18:07:42 /users/1 ..................................... ~ 0.15ms
  2026-01-23 18:07:42 /favicon.ico ................................. ~ 0.66ms
  2026-01-23 18:07:44 /favicon.ico ................................. ~ 0.16ms
  2026-01-23 18:07:45 /users/assign-category ....................... ~ 0.08ms
  2026-01-23 18:07:45 /favicon.ico ................................. ~ 0.28ms
  2026-01-23 18:07:47 /users/1 ..................................... ~ 0.08ms
  2026-01-23 18:07:47 /favicon.ico ................................. ~ 0.35ms
  2026-01-23 18:07:51 /favicon.ico ................................. ~ 0.09ms
  2026-01-23 18:07:52 /users/assign-category ....................... ~ 0.14ms
  2026-01-23 18:07:52 /favicon.ico ................................. ~ 1.33ms
  2026-01-23 18:07:53 /users/assign-category ....................... ~ 0.15ms
  2026-01-23 18:07:53 /favicon.ico ................................. ~ 2.45ms
  2026-01-23 18:07:54 /users/assign-category ....................... ~ 0.07ms
  2026-01-23 18:07:54 /favicon.ico ................................. ~ 0.25ms
  2026-01-23 18:07:54 /users/assign-category ....................... ~ 0.04ms
  2026-01-23 18:07:54 /favicon.ico ................................. ~ 0.20ms
  2026-01-23 18:07:54 /users/assign-category ....................... ~ 0.13ms
  2026-01-23 18:07:54 /favicon.ico ................................. ~ 0.35ms
  2026-01-23 18:08:00 /users/1 ..................................... ~ 0.17ms
  2026-01-23 18:08:00 /favicon.ico ................................. ~ 0.76ms
  2026-01-23 18:08:06 /favicon.ico ................................. ~ 0.17ms
  2026-01-23 18:08:09 /users/1 ..................................... ~ 0.14ms
  2026-01-23 18:08:09 /favicon.ico ................................. ~ 0.71ms
  2026-01-23 18:08:11 /favicon.ico ................................. ~ 0.14ms
  2026-01-23 18:08:13 /users/1/update-category ..................... ~ 0.17ms
  2026-01-23 18:08:13 /users/assign-category ....................... ~ 0.58ms
  2026-01-23 18:08:13 /favicon.ico ................................. ~ 0.02ms
  2026-01-23 18:08:13 /users/1/update-category ..................... ~ 0.16ms
  2026-01-23 18:08:13 /adminPanel .................................. ~ 0.52ms
  2026-01-23 18:08:13 /favicon.ico ................................. ~ 0.06ms
  2026-01-23 18:08:30 /users/1/update-category ..................... ~ 0.09ms
  2026-01-23 18:08:30 /adminPanel ................................ ~ 500.61ms
  2026-01-23 18:08:31 /favicon.ico ................................. ~ 0.06ms
  2026-01-23 18:08:32 /users/1/update-category ..................... ~ 0.17ms
  2026-01-23 18:08:32 /adminPanel .................................. ~ 0.54ms
  2026-01-23 18:08:32 /favicon.ico ................................. ~ 0.03ms
  2026-01-23 18:08:44 /users/assign-category ....................... ~ 0.10ms
  2026-01-23 18:08:44 /favicon.ico ................................. ~ 0.21ms
  2026-01-23 18:08:47 /users/1 ..................................... ~ 0.13ms
  2026-01-23 18:08:47 /favicon.ico ................................. ~ 0.06ms
  2026-01-23 18:08:55 /users/1 ..................................... ~ 0.09ms
  2026-01-23 18:08:55 /favicon.ico ................................. ~ 1.25ms
  2026-01-23 18:08:57 /favicon.ico ................................. ~ 0.08ms
  2026-01-23 18:09:05 /users/3/update-category ..................... ~ 0.10ms
  2026-01-23 18:09:05 /adminPanel .................................. ~ 0.29ms
  2026-01-23 18:09:05 /favicon.ico ................................. ~ 0.02ms
  2026-01-23 18:09:12 /favicon.ico ................................. ~ 0.11ms
  2026-01-23 18:09:15 /users/2 ..................................... ~ 0.10ms
  2026-01-23 18:09:15 /favicon.ico ................................. ~ 0.40ms
  2026-01-23 18:09:39 /favicon.ico ................................. ~ 0.19ms
  2026-01-23 18:09:41 /users/1 ..................................... ~ 0.09ms
  2026-01-23 18:09:41 /favicon.ico ................................. ~ 0.37ms
  2026-01-23 18:10:06 / ............................................ ~ 0.08ms
  2026-01-23 18:10:06 /images/triagemico.png ....................... ~ 0.04ms
  2026-01-23 18:10:06 /images/atendenteico.png ..................... ~ 0.18ms
  2026-01-23 18:10:06 /images/graficoico.png ....................... ~ 0.03ms
  2026-01-23 18:10:06 /images/painel.png ........................... ~ 0.17ms
  2026-01-23 18:10:06 /favicon.ico ................................. ~ 0.07ms
  2026-01-23 18:10:11 /logout ...................................... ~ 0.16ms
  2026-01-23 18:10:11 / ............................................ ~ 0.05ms
  2026-01-23 18:10:11 /login ....................................... ~ 0.04ms
  2026-01-23 18:10:11 /images/login.png ............................ ~ 0.03ms
  2026-01-23 18:10:11 /favicon.ico ................................. ~ 0.02ms
  2026-01-23 19:01:55 / ............................................ ~ 0.26ms
  2026-01-23 19:01:55 /images/triagemico.png ....................... ~ 0.03ms
  2026-01-23 19:01:55 /images/atendenteico.png ..................... ~ 0.02ms
  2026-01-23 19:01:55 /images/graficoico.png ....................... ~ 0.04ms
  2026-01-23 19:01:55 /images/painel.png ........................... ~ 0.22ms
  2026-01-23 19:01:55 /favicon.ico ................................. ~ 0.02ms
  2026-01-23 19:02:06 /logout .................................... ~ 500.39ms
  2026-01-23 19:02:06 / ............................................ ~ 0.05ms
  2026-01-23 19:02:06 /login ....................................... ~ 0.03ms
  2026-01-23 19:02:06 /images/login.png ............................ ~ 0.02ms
  2026-01-23 19:02:06 /favicon.ico ................................. ~ 0.03ms
  2026-01-26 14:01:25 / ............................................ ~ 1.07ms
  2026-01-26 14:01:25 /login ....................................... ~ 0.04ms
  2026-01-26 14:01:25 /images/login.png ............................ ~ 0.03ms
  2026-01-26 14:01:26 /favicon.ico ................................. ~ 0.32ms
  2026-01-26 14:58:39 / ............................................ ~ 1.09ms
  2026-01-26 14:58:39 /login ....................................... ~ 1.47ms
  2026-01-26 14:58:39 /images/login.png ............................ ~ 0.03ms
  2026-01-26 14:58:39 /favicon.ico ................................. ~ 0.02ms
  2026-01-26 15:26:36 / ............................................ ~ 0.25ms
  2026-01-26 15:26:36 /login ....................................... ~ 0.05ms
  2026-01-26 15:26:36 /images/login.png ............................ ~ 0.03ms
  2026-01-29 17:52:08 / ................................................ ~ 6s
  2026-01-29 17:52:14 /login ........................................... ~ 1s
  2026-01-29 17:52:17 /images/login.png .......................... ~ 500.34ms
  2026-01-29 17:52:26 /favicon.ico ................................. ~ 0.12ms
  2026-01-29 18:00:44 /login ....................................... ~ 6.67ms
  2026-01-29 18:00:45 /images/login.png .......................... ~ 500.30ms
  2026-01-29 18:00:53 /favicon.ico ................................. ~ 0.12ms
  2026-01-29 18:01:18 /login ....................................... ~ 0.10ms
  2026-01-29 18:01:19 /images/login.png ............................ ~ 0.03ms
  2026-01-29 18:01:21 /favicon.ico ................................. ~ 0.10ms
  2026-01-29 18:02:44 /login ........................................... ~ 1s
  2026-01-29 18:02:44 / ................................................ ~ 1s
  2026-01-29 18:02:46 /images/triagemico.png ....................... ~ 0.04ms
  2026-01-29 18:02:46 /images/atendenteico.png ..................... ~ 0.19ms
  2026-01-29 18:02:46 /favicon.ico ................................. ~ 0.03ms
  2026-01-29 18:02:52 /users/assign-category ..................... ~ 501.23ms
  2026-01-29 18:02:54 /users/assign-category ....................... ~ 0.08ms
  2026-01-29 18:02:54 /favicon.ico ................................. ~ 0.28ms
  2026-01-29 18:03:03 /favicon.ico ................................. ~ 0.21ms
  2026-01-29 18:03:03 /queue/atendimento ............................... ~ 7s
  2026-01-29 18:03:10 /selecionar-guiche ......................... ~ 500.22ms
  2026-01-29 18:03:10 /images/atendenteico.png ..................... ~ 0.04ms
  2026-01-29 18:03:10 /favicon.ico ................................. ~ 0.03ms
  2026-01-29 18:03:15 /selecionar-guiche ......................... ~ 516.94ms
  2026-01-29 18:03:15 /queue/atendimento ......................... ~ 517.16ms
  2026-01-29 18:03:16 /queue/tickets/atendimento ................. ~ 500.57ms
  2026-01-29 18:03:16 /favicon.ico ................................. ~ 0.07ms
  2026-01-29 18:03:21 /queue/tickets/atendimento ................. ~ 500.63ms
  2026-01-29 18:03:26 /queue/tickets/atendimento ................. ~ 500.40ms
  2026-01-29 18:03:29 /queue/triagem ............................. ~ 502.94ms
  2026-01-29 18:03:30 /queue/tickets/triagem ....................... ~ 0.03ms
  2026-01-29 18:03:30 /favicon.ico ................................. ~ 0.03ms
  2026-01-29 18:03:35 /queue/tickets/triagem ....................... ~ 2.36ms
  2026-01-29 18:03:40 /queue/1/advance ........................... ~ 500.21ms
  2026-01-29 18:03:40 /queue/tickets/triagem ........................... ~ 1s
  2026-01-29 18:03:40 /queue/triagem ............................... ~ 0.03ms
  2026-01-29 18:03:41 /queue/tickets/triagem ....................... ~ 0.02ms
  2026-01-29 18:03:41 /favicon.ico ................................. ~ 0.03ms
  2026-01-29 18:03:46 /queue/tickets/triagem ....................... ~ 0.71ms
  2026-01-29 18:03:48 /logout .................................... ~ 500.42ms
  2026-01-29 18:03:48 / ............................................ ~ 0.03ms
  2026-01-29 18:03:48 /login ....................................... ~ 0.02ms
  2026-01-29 18:03:48 /images/login.png ............................ ~ 0.03ms
  2026-01-29 18:03:48 /favicon.ico ................................. ~ 0.03ms
  2026-01-29 18:04:17 /login ..................................... ~ 500.32ms
  2026-01-29 18:04:17 /login ..................................... ~ 500.58ms
  2026-01-29 18:04:18 /images/login.png ............................ ~ 0.03ms
  2026-01-29 18:04:18 /favicon.ico ................................. ~ 0.06ms
  2026-01-29 18:07:02 /users/assign-category ....................... ~ 0.12ms
  2026-01-29 18:07:02 /login ....................................... ~ 0.08ms
  2026-01-29 18:07:02 /images/login.png .......................... ~ 504.97ms
  2026-01-29 18:07:11 /favicon.ico ................................. ~ 0.12ms
  2026-01-29 18:07:15 /login ........................................... ~ 1s
  2026-01-29 18:07:17 /users/assign-category ..................... ~ 505.26ms
  2026-01-29 18:07:17 /favicon.ico ................................. ~ 0.03ms
  2026-01-29 18:07:32 /users ....................................... ~ 0.16ms
  2026-01-29 18:07:32 /favicon.ico ................................. ~ 0.03ms
  2026-01-29 18:07:40 / ............................................ ~ 0.34ms
  2026-01-29 18:07:40 /images/triagemico.png ....................... ~ 0.04ms
  2026-01-29 18:07:40 /images/atendenteico.png ..................... ~ 0.19ms
  2026-01-29 18:07:40 /favicon.ico ................................. ~ 0.15ms
  2026-01-29 18:07:45 /queue/atendimento ........................... ~ 0.13ms
  2026-01-29 18:07:45 /selecionar-guiche ........................... ~ 0.05ms
  2026-01-29 18:07:45 /images/atendenteico.png ..................... ~ 0.04ms
  2026-01-29 18:07:45 /favicon.ico ................................. ~ 0.03ms
  2026-01-29 18:07:54 /selecionar-guiche ......................... ~ 500.40ms
  2026-01-29 18:07:55 /queue/atendimento ........................... ~ 0.07ms
  2026-01-29 18:07:55 /queue/tickets/atendimento ................... ~ 0.03ms
  2026-01-29 18:07:55 /favicon.ico ................................. ~ 0.02ms
  2026-01-29 18:07:56 /queue/triagem ............................... ~ 0.13ms
  2026-01-29 18:07:56 /queue/tickets/triagem ....................... ~ 0.02ms
  2026-01-29 18:07:56 /favicon.ico ................................. ~ 0.02ms
  2026-01-29 18:07:59 /logout ...................................... ~ 0.08ms
  2026-01-29 18:07:59 / ............................................ ~ 0.03ms
  2026-01-29 18:07:59 /login ....................................... ~ 0.02ms
  2026-01-29 18:08:00 /images/login.png ............................ ~ 0.03ms
  2026-01-29 18:08:00 /favicon.ico ................................. ~ 0.02ms
  2026-01-29 18:08:08 /login ....................................... ~ 0.08ms
  2026-01-29 18:08:08 /login ..................................... ~ 500.37ms
  2026-01-29 18:08:08 /images/login.png .......................... ~ 502.95ms
  2026-01-29 18:08:08 /images/login.png .......................... ~ 503.13ms
  2026-01-29 18:08:08 /favicon.ico ................................. ~ 0.03ms
  2026-01-29 18:08:08 /favicon.ico ................................. ~ 0.02ms
  2026-01-29 18:08:18 /login ........................................... ~ 1s
  2026-01-29 18:08:19 /login ....................................... ~ 0.03ms
  2026-01-29 18:08:19 /images/login.png ............................ ~ 0.03ms
  2026-01-29 18:08:19 /favicon.ico ................................. ~ 0.02ms
  2026-01-29 18:08:27 /login ........................................... ~ 1s
  2026-01-29 18:08:27 / ................................................ ~ 1s
  2026-01-29 18:08:28 /images/triagemico.png ....................... ~ 0.05ms
  2026-01-29 18:08:28 /images/atendenteico.png ..................... ~ 0.22ms
  2026-01-29 18:08:28 /favicon.ico ................................. ~ 0.02ms
  2026-01-29 18:08:32 /users/assign-category ....................... ~ 0.08ms
  2026-01-29 18:08:34 /users/assign-category ....................... ~ 0.11ms
  2026-01-29 18:08:34 /favicon.ico ................................. ~ 0.35ms
  2026-01-29 18:08:40 /login ....................................... ~ 0.09ms
  2026-01-29 18:08:40 /images/login.png .......................... ~ 503.20ms
  2026-01-29 18:08:40 /favicon.ico ................................. ~ 0.03ms
  2026-01-29 18:08:40 /login ....................................... ~ 0.02ms
  2026-01-29 18:08:41 /images/login.png ............................ ~ 0.02ms
  2026-01-29 18:08:41 /favicon.ico ................................. ~ 2.77ms
  2026-01-29 18:08:43 /users/assign-category ....................... ~ 0.08ms
  2026-01-29 18:08:43 /favicon.ico ................................. ~ 0.29ms
  2026-01-29 18:08:43 /users/assign-category ....................... ~ 0.19ms
  2026-01-29 18:08:43 /favicon.ico ................................. ~ 0.58ms
  2026-01-29 18:08:53 /login ....................................... ~ 0.10ms
  2026-01-29 18:08:53 /images/login.png ............................ ~ 0.03ms
  2026-01-29 18:08:53 /favicon.ico ................................. ~ 0.16ms
  2026-01-29 18:09:21 /login ....................................... ~ 0.08ms
  2026-01-29 18:09:21 /images/login.png ............................ ~ 0.03ms
  2026-01-29 18:09:21 /favicon.ico ................................. ~ 0.12ms
  2026-01-29 18:09:24 /login ....................................... ~ 0.08ms
  2026-01-29 18:09:24 /images/login.png ............................ ~ 0.03ms
  2026-01-29 18:09:24 /favicon.ico ................................. ~ 0.11ms
  2026-01-29 18:10:42 /users/assign-category ....................... ~ 4.49ms
  2026-01-29 18:10:42 /favicon.ico ............................... ~ 504.94ms
  2026-01-29 18:10:43 /login ....................................... ~ 0.06ms
  2026-01-29 18:10:43 /images/login.png ............................ ~ 1.61ms
  2026-01-29 18:10:43 /favicon.ico ................................. ~ 0.12ms
  2026-01-29 18:11:06 /favicon.ico ................................. ~ 0.18ms
  2026-01-29 18:11:06 /logout .......................................... ~ 2s
  2026-01-29 18:11:08 / ............................................ ~ 1.52ms
  2026-01-29 18:11:08 /login ....................................... ~ 0.03ms
  2026-01-29 18:11:09 /images/login.png ............................ ~ 0.03ms
  2026-01-29 18:11:09 /favicon.ico ................................. ~ 0.04ms
  2026-01-29 18:11:15 /login ..................................... ~ 502.09ms
  2026-01-29 18:11:15 / .......................................... ~ 502.35ms
  2026-01-29 18:11:16 /images/triagemico.png ....................... ~ 0.05ms
  2026-01-29 18:11:16 /images/atendenteico.png ..................... ~ 9.81ms
  2026-01-29 18:11:16 /images/graficoico.png ....................... ~ 9.99ms
  2026-01-29 18:11:16 /images/painel.png .......................... ~ 10.15ms
  2026-01-29 18:11:16 /favicon.ico ................................. ~ 0.03ms
  2026-01-29 18:11:39 /users/assign-category ....................... ~ 0.09ms
  2026-01-29 18:11:40 /favicon.ico ................................. ~ 0.12ms
  2026-01-29 18:11:49 /users/1 ......................................... ~ 1s
  2026-01-29 18:11:49 /favicon.ico ..................................... ~ 1s
  2026-01-29 18:12:01 /users/1 ..................................... ~ 0.18ms
  2026-01-29 18:12:01 /favicon.ico ................................. ~ 0.64ms
  2026-01-29 18:12:03 /favicon.ico ................................. ~ 0.09ms
  2026-01-29 18:12:07 /favicon.ico ................................. ~ 0.18ms
  2026-01-29 18:12:07 /logout .......................................... ~ 2s
  2026-01-29 18:12:09 / ............................................ ~ 0.03ms
  2026-01-29 18:12:10 /login ....................................... ~ 0.03ms
  2026-01-29 18:12:10 /images/login.png ............................ ~ 0.03ms
  2026-01-29 18:12:10 /favicon.ico ................................. ~ 2.39ms
  2026-01-29 18:12:11 /register .................................. ~ 500.32ms
  2026-01-29 18:12:11 /images/login.png ............................ ~ 0.03ms
  2026-01-29 18:12:11 /favicon.ico ................................. ~ 0.04ms
  2026-01-29 18:13:13 /register .................................. ~ 500.32ms
  2026-01-29 18:13:13 /selecionar-guiche ............................... ~ 1s
  2026-01-29 18:13:14 /images/atendenteico.png ..................... ~ 0.03ms
  2026-01-29 18:13:14 /favicon.ico ................................. ~ 0.03ms
  2026-01-29 18:13:28 /selecionar-guiche ......................... ~ 500.27ms
  2026-01-29 18:13:28 /queue/atendimento ......................... ~ 500.47ms
  2026-01-29 18:13:28 /queue/tickets/atendimento ................... ~ 0.03ms
  2026-01-29 18:13:28 /favicon.ico ................................. ~ 0.02ms
  2026-01-29 18:13:33 /queue/tickets/atendimento ................... ~ 1.07ms
  2026-01-29 18:13:35 /logout ...................................... ~ 3.41ms
  2026-01-29 18:13:35 / .......................................... ~ 500.25ms
  2026-01-29 18:13:35 /login ....................................... ~ 0.03ms
  2026-01-29 18:13:35 /images/login.png ............................ ~ 0.03ms
  2026-01-29 18:13:35 /favicon.ico ................................. ~ 0.02ms
  2026-01-29 18:13:39 /users/assign-category ....................... ~ 0.08ms
  2026-01-29 18:13:39 /login ....................................... ~ 0.04ms
  2026-01-29 18:13:39 /images/login.png ............................ ~ 0.03ms
  2026-01-29 18:13:39 /favicon.ico ................................. ~ 0.12ms
  2026-01-29 18:13:51 /login ..................................... ~ 501.65ms
  2026-01-29 18:13:51 /users/assign-category ..................... ~ 507.07ms
  2026-01-29 18:13:52 /favicon.ico ................................. ~ 0.03ms
  2026-01-29 18:13:58 /users/4/update-category ..................... ~ 0.09ms
  2026-01-29 18:13:58 /adminPanel ................................ ~ 502.93ms
  2026-01-29 18:13:59 /favicon.ico ................................. ~ 0.03ms
  2026-01-29 18:13:59 /login ....................................... ~ 0.07ms
  2026-01-29 18:13:59 /images/login.png ............................ ~ 0.03ms
  2026-01-29 18:13:59 /favicon.ico ................................. ~ 0.03ms
  2026-01-29 18:14:36 / .......................................... ~ 500.37ms
  2026-01-29 18:14:37 /images/triagemico.png ....................... ~ 0.05ms
  2026-01-29 18:14:37 /images/atendenteico.png ..................... ~ 2.54ms
  2026-01-29 18:14:37 /images/graficoico.png ....................... ~ 2.71ms
  2026-01-29 18:14:37 /images/painel.png ........................... ~ 2.85ms
  2026-01-29 18:14:37 /favicon.ico ................................. ~ 0.03ms
  2026-01-29 18:14:49 /painel ...................................... ~ 0.91ms
  2026-01-29 18:14:49 /painel/data ............................... ~ 504.75ms
  2026-01-29 18:14:49 /sounds/notification.mp3 ................... ~ 506.18ms
  2026-01-29 18:14:51 /favicon.ico ................................. ~ 0.18ms
  2026-01-29 18:14:52 /painel/data ............................... ~ 500.33ms
  2026-01-29 18:14:53 /favicon.ico ................................. ~ 0.15ms
  2026-01-29 18:14:53 /adminPanel ...................................... ~ 1s
  2026-01-29 18:14:54 /favicon.ico ................................. ~ 0.03ms
  2026-01-29 18:16:02 /panel/update-video .......................... ~ 0.09ms
  2026-01-29 18:16:02 /adminPanel ................................ ~ 500.30ms
  2026-01-29 18:16:02 /favicon.ico ................................. ~ 0.04ms
  2026-01-29 18:16:06 / ............................................ ~ 0.08ms
  2026-01-29 18:16:06 /images/triagemico.png ....................... ~ 0.05ms
  2026-01-29 18:16:06 /images/atendenteico.png ..................... ~ 0.20ms
  2026-01-29 18:16:06 /images/graficoico.png ....................... ~ 0.32ms
  2026-01-29 18:16:06 /images/painel.png ........................... ~ 1.81ms
  2026-01-29 18:16:06 /favicon.ico ................................. ~ 0.03ms
  2026-01-29 18:16:07 /painel ...................................... ~ 1.82ms
  2026-01-29 18:16:07 /painel/data ................................. ~ 0.03ms
  2026-01-29 18:16:07 /sounds/notification.mp3 ..................... ~ 0.02ms
  2026-01-29 18:16:09 /favicon.ico ................................. ~ 0.17ms
  2026-01-29 18:16:10 /painel/data ................................. ~ 0.10ms
  2026-01-29 18:16:13 /painel/data ................................. ~ 0.18ms
  2026-01-29 18:16:16 /painel/data ................................. ~ 0.13ms
  2026-01-29 18:16:19 /painel/data ................................. ~ 0.07ms
  2026-01-29 18:16:22 /painel/data ................................. ~ 0.13ms
  2026-01-29 18:16:25 /painel/data ................................. ~ 0.16ms
  2026-01-29 18:16:28 /painel/data ............................... ~ 500.23ms
  2026-01-29 18:16:30 /favicon.ico ................................. ~ 0.17ms
  2026-01-29 18:16:30 /adminPanel ...................................... ~ 2s
  2026-01-29 18:16:32 /favicon.ico ................................. ~ 0.03ms
  2026-01-29 18:16:35 /panel/update-video .......................... ~ 0.09ms
  2026-01-29 18:16:35 /adminPanel .................................. ~ 0.31ms
  2026-01-29 18:16:35 /favicon.ico ................................. ~ 0.03ms
  2026-01-29 18:16:37 / .......................................... ~ 500.33ms
  2026-01-29 18:16:37 /images/triagemico.png ....................... ~ 0.06ms
  2026-01-29 18:16:37 /images/atendenteico.png ..................... ~ 0.21ms
  2026-01-29 18:16:37 /images/graficoico.png ....................... ~ 2.88ms
  2026-01-29 18:16:37 /images/painel.png ........................... ~ 3.04ms
  2026-01-29 18:16:37 /favicon.ico ................................. ~ 0.05ms
  2026-01-29 18:16:38 /painel .................................... ~ 500.76ms
  2026-01-29 18:16:38 /painel/data ................................. ~ 0.69ms
  2026-01-29 18:16:38 /sounds/notification.mp3 ..................... ~ 0.03ms
  2026-01-29 18:16:38 /favicon.ico ................................. ~ 0.02ms
  2026-01-29 18:16:41 /painel/data ................................. ~ 0.13ms
  2026-01-29 18:16:44 /painel/data ................................. ~ 0.08ms
  2026-01-29 18:16:47 /favicon.ico ................................. ~ 0.18ms
  2026-01-29 18:16:47 /adminPanel ..................................... ~ 14s
  2026-01-29 18:17:01 /favicon.ico ................................. ~ 0.03ms
  2026-01-29 18:17:10 /panel/update-video ........................ ~ 500.26ms
  2026-01-29 18:17:10 /adminPanel ................................ ~ 500.46ms
  2026-01-29 18:17:11 /favicon.ico ................................. ~ 0.03ms
  2026-01-29 18:22:55 / ............................................ ~ 0.10ms
  2026-01-29 18:22:55 /images/triagemico.png ....................... ~ 0.05ms
  2026-01-29 18:22:55 /images/atendenteico.png ..................... ~ 0.23ms
  2026-01-29 18:22:55 /images/graficoico.png ....................... ~ 0.03ms
  2026-01-29 18:22:55 /images/painel.png ........................... ~ 0.17ms
  2026-01-29 18:22:55 /favicon.ico ................................. ~ 0.03ms
  2026-01-29 18:35:59 /login ....................................... ~ 0.08ms
  2026-01-29 18:35:59 /images/login.png .......................... ~ 506.56ms
  2026-01-29 18:35:59 /favicon.ico ................................. ~ 0.06ms
  2026-01-29 18:35:59 / ............................................ ~ 0.04ms
  2026-01-29 18:36:00 /login ....................................... ~ 0.03ms
  2026-01-29 18:35:59 /images/triagemico.png ....................... ~ 3.15ms
  2026-01-29 18:36:00 /images/atendenteico.png ..................... ~ 2.82ms
  2026-01-29 18:36:00 /images/graficoico.png ....................... ~ 0.03ms
  2026-01-29 18:36:00 /images/painel.png ........................... ~ 1.65ms
  2026-01-29 18:36:00 /images/login.png ............................ ~ 5.02ms
  2026-01-29 18:36:00 /images/painel_tickets.png ................... ~ 1.68ms
  2026-01-29 18:36:00 /favicon.ico ................................. ~ 0.03ms
  2026-01-29 18:36:00 /favicon.ico ................................. ~ 0.05ms
  2026-01-29 18:36:03 /login ....................................... ~ 0.08ms
  2026-01-29 18:36:03 /images/login.png ............................ ~ 0.03ms
  2026-01-29 18:36:03 /favicon.ico ................................. ~ 0.08ms
  2026-01-29 18:36:03 / ............................................ ~ 0.03ms
  2026-01-29 18:36:03 /images/triagemico.png ....................... ~ 2.98ms
  2026-01-29 18:36:04 /images/atendenteico.png ..................... ~ 2.82ms
  2026-01-29 18:36:04 /images/graficoico.png ....................... ~ 0.04ms
  2026-01-29 18:36:04 /images/painel.png ........................... ~ 0.21ms
  2026-01-29 18:36:04 /images/painel_tickets.png ................... ~ 0.02ms
  2026-01-29 18:36:04 /favicon.ico ................................. ~ 0.02ms
  2026-01-29 18:37:10 / ............................................ ~ 0.09ms
  2026-01-29 18:37:10 /images/triagemico.png ....................... ~ 0.39ms
  2026-01-29 18:37:10 /images/atendenteico.png ..................... ~ 0.22ms
  2026-01-29 18:37:10 /images/painel_tickets.png ................... ~ 2.28ms
  2026-01-29 18:37:10 /images/graficoico.png ....................... ~ 2.45ms
  2026-01-29 18:37:10 /images/painel.png ........................... ~ 2.60ms
  2026-01-29 18:37:10 /favicon.ico ................................. ~ 0.03ms
  2026-01-29 18:54:02 / ............................................ ~ 0.12ms
  2026-01-29 18:54:02 /images/triagemico.png ....................... ~ 0.48ms
  2026-01-29 18:54:02 /images/atendenteico.png ..................... ~ 2.29ms
  2026-01-29 18:54:02 /images/graficoico.png ....................... ~ 0.05ms
  2026-01-29 18:54:02 /images/painel.png ........................... ~ 0.20ms
  2026-01-29 18:54:02 /images/painel_tickets.png ................... ~ 0.40ms
  2026-01-29 18:54:02 /favicon.ico ................................. ~ 0.03ms
  2026-01-29 18:54:21 / ............................................ ~ 0.12ms
  2026-01-29 18:54:21 /images/triagemico.png ....................... ~ 0.05ms
  2026-01-29 18:54:21 /images/atendenteico.png ..................... ~ 0.20ms
  2026-01-29 18:54:21 /images/graficoico.png ....................... ~ 0.05ms
  2026-01-29 18:54:21 /images/painel.png ........................... ~ 0.21ms
  2026-01-29 18:54:21 /images/painel_tickets.png ................... ~ 0.37ms
  2026-01-29 18:54:21 /favicon.ico ................................. ~ 0.03ms
  2026-01-29 18:54:23 / ............................................ ~ 0.09ms
  2026-01-29 18:54:23 /images/triagemico.png ....................... ~ 0.39ms
  2026-01-29 18:54:23 /images/atendenteico.png ..................... ~ 0.18ms
  2026-01-29 18:54:23 /images/graficoico.png ....................... ~ 0.04ms
  2026-01-29 18:54:23 /images/painel.png ........................... ~ 0.19ms
  2026-01-29 18:54:23 /images/painel_tickets.png ................... ~ 2.96ms
  2026-01-29 18:54:23 /favicon.ico ................................. ~ 0.03ms
  2026-01-29 18:54:23 / ............................................ ~ 0.09ms
  2026-01-29 18:54:23 /images/triagemico.png ....................... ~ 0.47ms
  2026-01-29 18:54:23 /images/atendenteico.png ..................... ~ 0.26ms
  2026-01-29 18:54:23 /images/graficoico.png ....................... ~ 2.85ms
  2026-01-29 18:54:23 /images/painel.png ........................... ~ 3.01ms
  2026-01-29 18:54:23 /images/painel_tickets.png ................... ~ 3.17ms
  2026-01-29 18:54:23 /favicon.ico ................................. ~ 0.03ms
  2026-01-29 18:54:54 / ............................................ ~ 0.12ms
  2026-01-29 18:54:54 / ............................................ ~ 0.46ms
  2026-01-29 18:54:54 /login ....................................... ~ 0.28ms
  2026-01-29 18:54:55 /login ..................................... ~ 506.91ms
  2026-01-29 18:54:55 / .......................................... ~ 507.01ms
  2026-01-29 18:54:55 /login ....................................... ~ 0.03ms
  2026-01-29 18:54:55 /images/triagemico.png ....................... ~ 2.95ms
  2026-01-29 18:54:55 /images/painel.png ........................... ~ 0.22ms
  2026-01-29 18:54:55 /images/atendenteico.png ..................... ~ 0.38ms
  2026-01-29 18:54:55 /images/graficoico.png ....................... ~ 0.54ms
  2026-01-29 18:54:55 /images/painel_tickets.png ................... ~ 0.68ms
  2026-01-29 18:54:55 /images/login.png ............................ ~ 3.46ms
  2026-01-29 18:54:55 /favicon.ico ................................. ~ 0.02ms
  2026-01-29 18:54:55 /favicon.ico ................................. ~ 0.02ms
  2026-01-29 18:55:10 / .......................................... ~ 500.89ms
  2026-01-29 18:55:10 / .......................................... ~ 507.87ms
  2026-01-29 18:55:10 /login ....................................... ~ 0.33ms
  2026-01-29 18:55:10 /login ....................................... ~ 0.26ms
  2026-01-29 18:55:10 / ............................................ ~ 0.25ms
  2026-01-29 18:55:10 /login ....................................... ~ 0.27ms
  2026-01-29 18:55:10 /images/triagemico.png ....................... ~ 3.53ms
  2026-01-29 18:55:10 /images/atendenteico.png ..................... ~ 0.23ms
  2026-01-29 18:55:10 /images/graficoico.png ....................... ~ 0.36ms
  2026-01-29 18:55:10 /images/painel.png ........................... ~ 0.50ms
  2026-01-29 18:55:10 /images/painel_tickets.png ................... ~ 2.56ms
  2026-01-29 18:55:10 /images/login.png ............................ ~ 2.96ms
  2026-01-29 18:55:10 /favicon.ico ................................. ~ 0.03ms
  2026-01-29 18:55:10 /favicon.ico ................................. ~ 0.02ms
  2026-01-29 18:55:15 /painel .................................... ~ 500.37ms
  2026-01-29 18:55:15 /painel/data ................................. ~ 0.06ms
  2026-01-29 18:55:15 /sounds/notification.mp3 ..................... ~ 0.03ms
  2026-01-29 18:55:16 /favicon.ico ................................. ~ 0.12ms
  2026-01-29 18:55:18 /painel/data ................................. ~ 0.08ms
  2026-01-29 18:55:19 /favicon.ico ................................. ~ 0.08ms
  2026-01-29 18:55:19 /painel ......................................... ~ 27s
  2026-01-29 18:55:46 /painel/data ................................. ~ 0.03ms
  2026-01-29 18:55:46 /sounds/notification.mp3 ..................... ~ 0.03ms
  2026-01-29 18:55:47 /favicon.ico ................................. ~ 0.12ms
  2026-01-29 18:55:48 /favicon.ico ................................. ~ 0.15ms
  2026-01-29 18:55:48 /adminPanel ...................................... ~ 1s
  2026-01-29 18:55:50 /favicon.ico ................................. ~ 0.03ms
  2026-01-29 19:32:01 /login ....................................... ~ 0.08ms
  2026-01-29 19:32:01 /images/login.png ............................ ~ 0.03ms
  2026-01-29 19:32:01 /favicon.ico ................................. ~ 0.17ms
  2026-01-29 19:32:07 / ............................................ ~ 0.08ms
  2026-01-29 19:32:08 /images/triagemico.png ....................... ~ 0.04ms
  2026-01-29 19:32:08 /images/atendenteico.png ..................... ~ 0.20ms
  2026-01-29 19:32:08 /images/graficoico.png ....................... ~ 0.03ms
  2026-01-29 19:32:08 /images/painel.png ........................... ~ 0.18ms
  2026-01-29 19:32:08 /images/painel_tickets.png ................... ~ 0.02ms
  2026-01-29 19:32:09 /favicon.ico ................................. ~ 0.14ms
  2026-01-29 19:32:12 /dashboard ................................. ~ 500.27ms
  2026-01-29 19:32:12 / ............................................ ~ 0.05ms
  2026-01-29 19:32:12 /login ....................................... ~ 0.03ms
  2026-01-29 19:32:12 /images/triagemico.png ....................... ~ 2.59ms
  2026-01-29 19:32:12 /images/atendenteico.png ..................... ~ 1.57ms
  2026-01-29 19:32:12 /images/graficoico.png ....................... ~ 1.71ms
  2026-01-29 19:32:12 /images/painel.png ........................... ~ 1.84ms
  2026-01-29 19:32:12 /images/painel_tickets.png ................... ~ 1.43ms
  2026-01-29 19:32:12 /images/login.png ............................ ~ 4.28ms
  2026-01-29 19:32:12 /favicon.ico ................................. ~ 0.03ms
  2026-01-29 19:32:12 /favicon.ico ................................. ~ 0.02ms
  2026-01-29 19:32:16 /dashboard ................................... ~ 0.13ms
  2026-01-29 19:32:17 /favicon.ico ............................... ~ 500.23ms
  2026-01-29 19:32:27 /adminPanel .................................. ~ 0.09ms
  2026-01-29 19:32:28 /favicon.ico ................................. ~ 0.33ms
  2026-01-29 19:32:46 /adminPanel ................................ ~ 500.27ms
  2026-01-29 19:32:46 /favicon.ico ................................. ~ 0.03ms
  2026-01-29 19:32:47 /adminPanel ................................ ~ 500.35ms
  2026-01-29 19:32:47 /favicon.ico ................................. ~ 0.03ms
  2026-01-29 19:36:13 /adminPanel ................................ ~ 500.51ms
  2026-01-29 19:36:13 /adminPanel ................................ ~ 500.89ms
  2026-01-29 19:36:13 /favicon.ico ................................. ~ 0.26ms
  2026-01-29 19:36:14 /login ....................................... ~ 0.10ms
  2026-01-29 19:36:14 /images/login.png ............................ ~ 0.06ms
  2026-01-29 19:36:14 /favicon.ico ................................. ~ 0.02ms
  2026-01-29 19:39:58 / .......................................... ~ 500.32ms
  2026-01-29 19:39:58 /images/triagemico.png ..................... ~ 500.67ms
  2026-01-29 19:39:58 /images/atendenteico.png ..................... ~ 2.80ms
  2026-01-29 19:39:58 /images/graficoico.png ....................... ~ 2.97ms
  2026-01-29 19:39:58 /images/painel.png ........................... ~ 3.12ms
  2026-01-29 19:39:58 /images/painel_tickets.png ................... ~ 3.31ms
  2026-01-29 19:39:59 /favicon.ico ................................. ~ 0.02ms
  2026-01-29 19:41:04 /login ....................................... ~ 0.09ms
  2026-01-29 19:41:04 /images/login.png ............................ ~ 0.05ms
  2026-01-29 19:41:04 /favicon.ico ................................. ~ 0.09ms
  2026-01-29 19:41:54 / ............................................ ~ 0.10ms
  2026-01-29 19:41:54 /images/triagemico.png ....................... ~ 1.01ms
  2026-01-29 19:41:54 /images/atendenteico.png ..................... ~ 0.27ms
  2026-01-29 19:41:54 /images/graficoico.png ....................... ~ 0.43ms
  2026-01-29 19:41:54 /images/painel.png ........................... ~ 3.16ms
  2026-01-29 19:41:54 /images/painel_tickets.png ................... ~ 3.34ms
  2026-01-29 19:41:54 /favicon.ico ................................. ~ 0.03ms
  2026-01-29 19:48:13 /users/assign-category ....................... ~ 0.10ms
  2026-01-29 19:48:14 /favicon.ico ................................. ~ 0.21ms
  2026-01-29 19:48:21 /users/2/update-category ................... ~ 500.38ms
  2026-01-29 19:48:21 /adminPanel ................................ ~ 500.75ms
  2026-01-29 19:48:21 /favicon.ico ................................. ~ 0.03ms
  2026-01-29 19:48:36 /login ..................................... ~ 500.52ms
  2026-01-29 19:48:37 / ............................................ ~ 0.03ms
  2026-01-29 19:48:37 /images/atendenteico.png ..................... ~ 2.14ms
  2026-01-29 19:48:37 /images/triagemico.png ....................... ~ 2.32ms
  2026-01-29 19:48:37 /images/graficoico.png ....................... ~ 0.04ms
  2026-01-29 19:48:37 /images/painel_tickets.png ................... ~ 0.19ms
  2026-01-29 19:48:37 /images/painel.png ........................... ~ 0.31ms
  2026-01-29 19:48:37 /favicon.ico ................................. ~ 0.02ms
  2026-01-29 19:48:45 /adminPanel .................................. ~ 0.09ms
  2026-01-29 19:48:45 /favicon.ico ................................. ~ 0.03ms
  2026-01-29 19:49:03 /dashboard ................................... ~ 0.15ms
  2026-01-29 19:49:03 /favicon.ico ................................. ~ 0.03ms
  2026-01-29 19:49:04 /ticket/take ............................... ~ 500.27ms
  2026-01-29 19:49:04 /images/regular.png .......................... ~ 0.04ms
  2026-01-29 19:49:04 /images/preferencial.png ..................... ~ 0.24ms
  2026-01-29 19:49:05 /images/bgticket.png ......................... ~ 0.19ms
  2026-01-29 19:49:05 /favicon.ico ................................. ~ 0.03ms
  2026-01-29 19:49:07 /favicon.ico ................................. ~ 0.09ms
  2026-01-29 19:49:07 /queue/atendimento ............................... ~ 2s
  2026-01-29 19:49:09 /dashboard ................................... ~ 0.04ms
  2026-01-29 19:49:09 /favicon.ico ................................. ~ 2.15ms
  2026-01-29 19:49:09 /adminPanel ................................ ~ 500.22ms
  2026-01-29 19:49:09 /favicon.ico ............................... ~ 500.70ms
  2026-01-29 19:49:11 /queue/triagem ............................... ~ 0.12ms
  2026-01-29 19:49:11 /queue/tickets/triagem ....................... ~ 1.96ms
  2026-01-29 19:49:11 /favicon.ico ................................. ~ 0.03ms
  2026-01-29 19:49:13 /queue/atendimento ........................... ~ 0.17ms
  2026-01-29 19:49:13 /queue/tickets/atendimento ................... ~ 0.70ms
  2026-01-29 19:49:13 /favicon.ico ................................. ~ 0.03ms
  2026-01-29 19:49:15 /queue/triagem ............................. ~ 500.39ms
  2026-01-29 19:49:15 /queue/tickets/triagem ....................... ~ 0.04ms
  2026-01-29 19:49:15 /favicon.ico ................................. ~ 0.03ms
  2026-01-29 19:49:17 /dashboard ................................... ~ 0.10ms
  2026-01-29 19:49:17 /favicon.ico ................................. ~ 0.03ms
  2026-01-29 19:49:21 / .......................................... ~ 500.30ms
  2026-01-29 19:49:22 /images/triagemico.png ....................... ~ 0.11ms
  2026-01-29 19:49:22 /images/atendenteico.png ..................... ~ 0.26ms
  2026-01-29 19:49:22 /images/graficoico.png ....................... ~ 0.04ms
  2026-01-29 19:49:22 /images/painel.png ........................... ~ 0.19ms
  2026-01-29 19:49:22 /images/painel_tickets.png ................... ~ 0.36ms
  2026-01-29 19:49:22 /favicon.ico ................................. ~ 0.02ms
  2026-01-29 19:56:34 /adminPanel .................................. ~ 0.15ms
  2026-01-29 19:56:34 /favicon.ico ................................. ~ 0.05ms
  2026-01-30 12:02:30 /adminPanel .................................. ~ 0.25ms
  2026-01-30 12:02:30 /login ..................................... ~ 500.91ms
  2026-01-30 12:02:30 /images/login.png ............................ ~ 0.03ms
  2026-01-30 12:02:31 /favicon.ico ................................. ~ 0.02ms
  2026-01-30 12:03:03 /login ....................................... ~ 0.11ms
  2026-01-30 12:03:03 /images/login.png .......................... ~ 500.29ms
  2026-01-30 12:03:03 /favicon.ico ................................. ~ 0.04ms
  2026-01-30 12:03:05 / ............................................ ~ 0.10ms
  2026-01-30 12:03:05 /login ....................................... ~ 0.03ms
  2026-01-30 12:03:05 /images/login.png ............................ ~ 0.03ms
  2026-01-30 12:03:06 /favicon.ico ................................. ~ 0.08ms
  2026-01-30 12:03:40 /login ....................................... ~ 0.09ms
  2026-01-30 12:03:40 / ............................................ ~ 0.37ms
  2026-01-30 12:03:41 /images/triagemico.png ....................... ~ 0.04ms
  2026-01-30 12:03:41 /images/atendenteico.png ..................... ~ 0.19ms
  2026-01-30 12:03:41 /images/graficoico.png ....................... ~ 0.02ms
  2026-01-30 12:03:41 /images/painel.png ........................... ~ 0.04ms
  2026-01-30 12:03:41 /images/painel_tickets.png ................... ~ 0.26ms
  2026-01-30 12:03:41 /favicon.ico ................................. ~ 0.11ms
  2026-01-30 12:03:44 /painel ...................................... ~ 0.21ms
  2026-01-30 12:03:45 /painel/data ............................... ~ 500.23ms
  2026-01-30 12:03:45 /sounds/notification.mp3 ..................... ~ 0.03ms
  2026-01-30 12:03:46 /favicon.ico ................................. ~ 0.14ms
  2026-01-30 12:03:47 /favicon.ico ................................. ~ 2.36ms
  2026-01-30 12:03:47 /queue/atendimento ............................... ~ 1s
  2026-01-30 12:03:48 /selecionar-guiche ........................... ~ 0.03ms
  2026-01-30 12:03:48 /images/atendenteico.png ..................... ~ 0.03ms
  2026-01-30 12:03:48 /favicon.ico ................................. ~ 0.02ms
  2026-01-30 12:03:54 /selecionar-guiche ......................... ~ 501.10ms
  2026-01-30 12:03:54 /queue/atendimento ......................... ~ 501.31ms
  2026-01-30 12:03:55 /queue/tickets/atendimento ................... ~ 0.03ms
  2026-01-30 12:03:55 /favicon.ico ................................. ~ 0.03ms
  2026-01-30 12:04:00 /queue/tickets/atendimento ................... ~ 1.18ms
  2026-01-30 12:04:05 /queue/tickets/atendimento ................... ~ 0.14ms
  2026-01-30 12:04:10 /queue/tickets/atendimento ................... ~ 0.08ms
  2026-01-30 12:04:15 /queue/tickets/atendimento ................... ~ 0.08ms
  2026-01-30 12:04:20 /queue/tickets/atendimento ................... ~ 0.14ms
  2026-01-30 12:04:22 /queue/atendimento/call-priority ............. ~ 0.78ms
  2026-01-30 12:04:22 /queue/atendimento ......................... ~ 501.18ms
  2026-01-30 12:04:22 /queue/tickets/atendimento ................... ~ 0.03ms
  2026-01-30 12:04:23 /favicon.ico ................................. ~ 0.02ms
  2026-01-30 12:04:26 /queue/atendimento/call ...................... ~ 0.13ms
  2026-01-30 12:04:26 /queue/atendimento ........................... ~ 0.04ms
  2026-01-30 12:04:26 /queue/tickets/atendimento ................. ~ 500.25ms
  2026-01-30 12:04:26 /favicon.ico ................................. ~ 0.03ms
  2026-01-30 12:04:31 /queue/tickets/atendimento ................. ~ 500.32ms
  2026-01-30 12:04:32 /queue/1/cancel ............................ ~ 500.23ms
  2026-01-30 12:04:32 /queue/atendimento ......................... ~ 500.67ms
  2026-01-30 12:04:32 /queue/tickets/atendimento ................... ~ 0.05ms
  2026-01-30 12:04:32 /favicon.ico ................................. ~ 0.06ms
  2026-01-30 12:04:36 /queue/triagem ............................... ~ 0.14ms
  2026-01-30 12:04:36 /queue/tickets/triagem ..................... ~ 500.38ms
  2026-01-30 12:04:36 /favicon.ico ................................. ~ 0.06ms
  2026-01-30 12:04:38 /queue/triagem/call .......................... ~ 0.08ms
  2026-01-30 12:04:39 /queue/triagem ............................... ~ 0.03ms
  2026-01-30 12:04:39 /queue/tickets/triagem ....................... ~ 0.02ms
  2026-01-30 12:04:39 /favicon.ico ................................. ~ 0.02ms
  2026-01-30 12:04:42 /queue/3/finish ............................ ~ 500.41ms
  2026-01-30 12:04:42 /queue/triagem ............................. ~ 500.85ms
  2026-01-30 12:04:42 /queue/tickets/triagem ....................... ~ 0.03ms
  2026-01-30 12:04:42 /favicon.ico ................................. ~ 0.02ms
  2026-01-30 12:04:43 /queue/triagem/call ........................ ~ 500.23ms
  2026-01-30 12:04:43 /queue/triagem ............................. ~ 500.61ms
  2026-01-30 12:04:43 /queue/tickets/triagem ....................... ~ 0.03ms
  2026-01-30 12:04:43 /favicon.ico ................................. ~ 0.04ms
  2026-01-30 12:04:46 /queue/triagem/call ........................ ~ 500.37ms
  2026-01-30 12:04:46 /queue/triagem ............................. ~ 500.79ms
  2026-01-30 12:04:46 /queue/tickets/triagem ....................... ~ 0.03ms
  2026-01-30 12:04:46 /favicon.ico ................................. ~ 0.03ms
  2026-01-30 12:04:47 /queue/4/finish .............................. ~ 0.07ms
  2026-01-30 12:04:47 /queue/triagem ............................. ~ 500.52ms
  2026-01-30 12:04:47 /queue/tickets/triagem ....................... ~ 0.06ms
  2026-01-30 12:04:47 /favicon.ico ................................. ~ 0.07ms
  2026-01-30 12:04:50 /queue/5/finish .............................. ~ 0.07ms
  2026-01-30 12:04:50 /queue/triagem ............................... ~ 0.02ms
  2026-01-30 12:04:50 /queue/tickets/triagem ....................... ~ 0.12ms
  2026-01-30 12:04:50 /favicon.ico ................................. ~ 0.05ms
  2026-01-30 12:04:51 /queue/triagem/call .......................... ~ 1.24ms
  2026-01-30 12:04:51 /queue/triagem ............................... ~ 0.03ms
  2026-01-30 12:04:51 /queue/tickets/triagem ....................... ~ 0.02ms
  2026-01-30 12:04:51 /favicon.ico ................................. ~ 0.02ms
  2026-01-30 12:04:52 /queue/atendimento ......................... ~ 500.34ms
  2026-01-30 12:04:53 /queue/tickets/atendimento ................... ~ 0.03ms
  2026-01-30 12:04:53 /favicon.ico ................................. ~ 0.02ms
  2026-01-30 12:04:54 /queue/atendimento ........................... ~ 0.09ms
  2026-01-30 12:04:54 /queue/tickets/atendimento ................... ~ 0.29ms
  2026-01-30 12:04:54 /favicon.ico ................................. ~ 0.03ms
  2026-01-30 12:04:55 /queue/triagem ............................. ~ 500.26ms
  2026-01-30 12:04:55 /queue/tickets/triagem ....................... ~ 0.03ms
  2026-01-30 12:04:55 /favicon.ico ................................. ~ 0.03ms
  2026-01-30 12:04:56 /queue/atendimento ........................... ~ 0.76ms
  2026-01-30 12:04:56 /queue/tickets/atendimento ................... ~ 0.03ms
  2026-01-30 12:04:56 /favicon.ico ................................. ~ 0.03ms
  2026-01-30 12:04:56 /queue/triagem ............................... ~ 0.07ms
  2026-01-30 12:04:56 /queue/tickets/triagem ....................... ~ 0.31ms
  2026-01-30 12:04:56 /favicon.ico ................................. ~ 0.03ms
  2026-01-30 12:04:57 /queue/triagem ............................... ~ 0.07ms
  2026-01-30 12:04:57 /queue/tickets/triagem ..................... ~ 503.25ms
  2026-01-30 12:04:58 /favicon.ico ................................. ~ 0.03ms
  2026-01-30 12:04:58 /queue/atendimento ........................... ~ 0.03ms
  2026-01-30 12:04:58 /queue/tickets/atendimento ................... ~ 0.03ms
  2026-01-30 12:04:58 /favicon.ico ................................. ~ 0.03ms
  2026-01-30 12:04:58 /queue/triagem ............................. ~ 500.31ms
  2026-01-30 12:04:58 /queue/tickets/triagem ..................... ~ 500.56ms
  2026-01-30 12:04:59 /favicon.ico ................................. ~ 0.03ms
  2026-01-30 12:04:59 /queue/atendimento ........................... ~ 0.03ms
  2026-01-30 12:04:59 /queue/tickets/atendimento ................. ~ 500.51ms
  2026-01-30 12:04:59 /favicon.ico ................................. ~ 0.03ms
  2026-01-30 12:04:59 /queue/triagem ............................... ~ 0.02ms
  2026-01-30 12:04:59 /queue/tickets/triagem ....................... ~ 0.02ms
  2026-01-30 12:04:59 /favicon.ico ................................. ~ 0.02ms
  2026-01-30 12:05:00 /queue/atendimento ........................... ~ 0.17ms
  2026-01-30 12:05:00 /queue/tickets/atendimento ................... ~ 0.59ms
  2026-01-30 12:05:00 /favicon.ico ................................. ~ 0.06ms
  2026-01-30 12:05:01 /adminPanel ................................ ~ 500.42ms
  2026-01-30 12:05:01 /queue/atendimento ........................... ~ 0.07ms
  2026-01-30 12:05:01 /login ....................................... ~ 0.02ms
  2026-01-30 12:05:01 /images/login.png ............................ ~ 0.03ms
  2026-01-30 12:05:01 /queue/tickets/atendimento ................... ~ 2.79ms
  2026-01-30 12:05:01 /favicon.ico ................................. ~ 0.04ms
  2026-01-30 12:05:01 /favicon.ico ................................. ~ 0.23ms
  2026-01-30 12:05:03 /adminPanel .................................. ~ 0.07ms
  2026-01-30 12:05:03 /favicon.ico ............................... ~ 500.35ms
  2026-01-30 12:05:06 /dashboard ................................... ~ 0.11ms
  2026-01-30 12:05:06 /favicon.ico ................................. ~ 0.03ms
  2026-01-30 12:05:35 /dashboard ................................... ~ 0.13ms
  2026-01-30 12:05:35 /login ....................................... ~ 0.02ms
  2026-01-30 12:05:35 /images/login.png ............................ ~ 0.02ms
  2026-01-30 12:05:35 /favicon.ico ................................. ~ 0.80ms
  2026-01-30 12:05:35 /favicon.ico ................................. ~ 0.02ms
  2026-01-30 12:05:51 /dashboard ................................... ~ 0.19ms
  2026-01-30 12:05:51 /favicon.ico ................................. ~ 0.73ms
  2026-01-30 12:05:51 /login ....................................... ~ 0.24ms
  2026-01-30 12:05:51 /images/login.png ............................ ~ 0.03ms
  2026-01-30 12:05:51 /favicon.ico ................................. ~ 0.05ms
  2026-01-30 12:06:56 /dashboard ................................... ~ 0.09ms
  2026-01-30 12:06:56 /dashboard ................................... ~ 0.03ms
  2026-01-30 12:06:56 /favicon.ico ................................. ~ 0.03ms
  2026-01-30 12:06:56 /login ....................................... ~ 0.07ms
  2026-01-30 12:06:56 /images/login.png ............................ ~ 0.03ms
  2026-01-30 12:06:56 /favicon.ico ................................. ~ 0.03ms
  2026-01-30 12:07:26 /dashboard ................................... ~ 0.16ms
  2026-01-30 12:07:26 /favicon.ico ................................. ~ 0.58ms
  2026-01-30 12:07:26 /login ....................................... ~ 0.15ms
  2026-01-30 12:07:26 /images/login.png ............................ ~ 0.06ms
  2026-01-30 12:07:26 /favicon.ico ................................. ~ 0.03ms
  2026-01-30 12:07:28 /adminPanel .................................. ~ 0.15ms
  2026-01-30 12:07:28 /favicon.ico ................................. ~ 0.07ms
  2026-01-30 12:07:31 /painel ...................................... ~ 0.07ms
  2026-01-30 12:07:31 /painel/data ............................... ~ 500.31ms
  2026-01-30 12:07:31 /sounds/notification.mp3 ..................... ~ 0.03ms
  2026-01-30 12:07:32 /favicon.ico ................................. ~ 0.08ms
  2026-01-30 12:07:32 /queue/triagem ................................... ~ 3s
  2026-01-30 12:07:35 /queue/tickets/triagem ....................... ~ 0.03ms
  2026-01-30 12:07:35 /favicon.ico ................................. ~ 0.03ms
  2026-01-30 12:07:36 /queue/atendimento ......................... ~ 500.39ms
  2026-01-30 12:07:36 /queue/tickets/atendimento ................. ~ 500.73ms
  2026-01-30 12:07:36 /favicon.ico ................................. ~ 0.04ms
  2026-01-30 12:07:36 /login ....................................... ~ 0.03ms
  2026-01-30 12:07:36 /images/login.png ............................ ~ 0.02ms
  2026-01-30 12:07:36 /favicon.ico ................................. ~ 0.02ms
  2026-01-30 12:07:37 /adminPanel .................................. ~ 0.07ms
  2026-01-30 12:07:37 /favicon.ico ................................. ~ 0.30ms
  2026-01-30 12:07:37 /dashboard ................................... ~ 0.16ms
  2026-01-30 12:07:37 /favicon.ico ................................. ~ 0.70ms
  2026-01-30 12:07:39 /painel ...................................... ~ 0.15ms
  2026-01-30 12:07:39 /painel/data ............................... ~ 500.74ms
  2026-01-30 12:07:39 /sounds/notification.mp3 ..................... ~ 0.03ms
  2026-01-30 12:07:40 /favicon.ico ................................. ~ 0.12ms
  2026-01-30 12:07:42 /painel/data ................................. ~ 0.17ms
  2026-01-30 12:07:45 /painel/data ................................. ~ 0.13ms
  2026-01-30 12:07:48 /painel/data ................................. ~ 0.09ms
  2026-01-30 12:07:51 /painel/data ................................. ~ 0.07ms
  2026-01-30 12:07:54 /painel/data ................................. ~ 0.13ms
  2026-01-30 12:07:57 /painel/data ................................. ~ 0.09ms
  2026-01-30 12:07:59 /login ....................................... ~ 0.12ms
  2026-01-30 12:07:59 /images/login.png ............................ ~ 0.41ms
  2026-01-30 12:07:59 /favicon.ico ................................. ~ 0.02ms
  2026-01-30 12:08:00 /painel/data ................................. ~ 0.12ms
  2026-01-30 12:08:01 /login ....................................... ~ 0.18ms
  2026-01-30 12:08:01 /images/login.png ............................ ~ 0.03ms
  2026-01-30 12:08:01 /favicon.ico ................................. ~ 0.03ms
  2026-01-30 12:08:03 /painel/data ................................. ~ 0.17ms
  2026-01-30 12:08:03 /login ....................................... ~ 0.06ms
  2026-01-30 12:08:03 /images/login.png ............................ ~ 0.03ms
  2026-01-30 12:08:03 /favicon.ico ................................. ~ 3.71ms
  2026-01-30 12:08:06 /painel/data ................................. ~ 0.13ms
  2026-01-30 12:08:09 /painel/data ................................. ~ 0.07ms
  2026-01-30 12:08:12 /painel/data ................................. ~ 0.14ms
  2026-01-30 12:08:13 /favicon.ico ................................. ~ 0.14ms
  2026-01-30 12:08:15 /painel/data ................................. ~ 0.17ms
  2026-01-30 12:08:18 /painel/data ................................. ~ 0.14ms
  2026-01-30 12:08:21 /painel/data ................................. ~ 0.15ms
  2026-01-30 12:08:24 /painel/data ................................. ~ 0.08ms
  2026-01-30 12:08:27 /painel/data ............................... ~ 500.35ms
  2026-01-30 12:08:30 /painel/data ............................... ~ 500.30ms
  2026-01-30 12:08:33 /painel/data ............................... ~ 500.21ms
  2026-01-30 12:08:36 /painel/data ............................... ~ 500.35ms
  2026-01-30 12:08:39 /painel/data ............................... ~ 500.22ms
  2026-01-30 12:08:42 /painel/data ............................... ~ 500.31ms
  2026-01-30 12:08:45 /painel/data ............................... ~ 500.36ms
  2026-01-30 12:08:48 /painel/data ............................... ~ 500.21ms
  2026-01-30 12:08:51 /painel/data ............................... ~ 500.30ms
  2026-01-30 12:08:54 /painel/data ............................... ~ 500.31ms
  2026-01-30 12:08:57 /painel/data ............................... ~ 500.20ms
  2026-01-30 12:09:00 /painel/data ............................... ~ 500.32ms
  2026-01-30 12:09:03 /painel/data ............................... ~ 500.32ms
  2026-01-30 12:09:06 /painel/data ............................... ~ 500.35ms
  2026-01-30 12:09:09 /painel/data ............................... ~ 500.33ms
  2026-01-30 12:09:12 /painel/data ............................... ~ 500.34ms
  2026-01-30 12:09:15 /painel/data ............................... ~ 500.33ms
  2026-01-30 12:09:18 /painel/data ............................... ~ 500.31ms
  2026-01-30 12:09:21 /painel/data ................................. ~ 0.07ms
  2026-01-30 12:09:24 /painel/data ................................. ~ 0.08ms
  2026-01-30 12:09:27 /painel/data ............................... ~ 500.31ms
  2026-01-30 12:09:30 /painel/data ............................... ~ 500.36ms
  2026-01-30 12:09:33 /painel/data ............................... ~ 500.37ms
  2026-01-30 12:09:36 /painel/data ............................... ~ 500.41ms
  2026-01-30 12:09:36 /login ....................................... ~ 0.09ms
  2026-01-30 12:09:36 /images/login.png ............................ ~ 3.03ms
  2026-01-30 12:09:36 /favicon.ico ................................. ~ 0.03ms
  2026-01-30 12:09:39 /painel/data ................................. ~ 0.07ms
  2026-01-30 12:09:42 /painel/data ................................. ~ 0.09ms
  2026-01-30 12:09:45 /painel/data ............................... ~ 500.35ms
  2026-01-30 12:09:46 /login ....................................... ~ 0.11ms
  2026-01-30 12:09:46 /images/login.png ............................ ~ 0.04ms
  2026-01-30 12:09:46 /favicon.ico ................................. ~ 0.04ms
  2026-01-30 12:09:47 /login ....................................... ~ 0.11ms
  2026-01-30 12:09:47 /images/login.png ............................ ~ 0.03ms
  2026-01-30 12:09:47 /favicon.ico ................................. ~ 0.02ms
  2026-01-30 12:09:48 /painel/data ................................. ~ 0.08ms
  2026-01-30 12:09:51 /painel/data ................................. ~ 0.08ms
  2026-01-30 12:09:54 /painel/data ................................. ~ 0.14ms
  2026-01-30 12:09:57 /painel/data ................................. ~ 0.15ms
  2026-01-30 12:10:00 /painel/data ................................. ~ 0.14ms
  2026-01-30 12:10:03 /painel/data ................................. ~ 0.09ms
  2026-01-30 12:10:06 /painel/data ................................. ~ 0.11ms
  2026-01-30 12:10:09 /painel/data ................................. ~ 0.09ms
  2026-01-30 12:10:12 /painel/data ................................. ~ 0.08ms
  2026-01-30 12:10:15 /painel/data ................................. ~ 0.18ms
  2026-01-30 12:10:18 /painel/data ................................. ~ 0.10ms
  2026-01-30 12:10:21 /painel/data ................................. ~ 0.08ms
  2026-01-30 12:10:24 /painel/data ................................. ~ 0.08ms
  2026-01-30 12:10:27 /painel/data ................................. ~ 0.10ms
  2026-01-30 12:10:30 /painel/data ................................. ~ 0.11ms
  2026-01-30 12:10:33 /painel/data ................................. ~ 0.16ms
  2026-01-30 12:10:36 /painel/data ................................. ~ 0.09ms
  2026-01-30 12:10:39 /painel/data ................................. ~ 0.08ms
  2026-01-30 12:10:41 /login ....................................... ~ 0.28ms
  2026-01-30 12:10:41 /images/login.png ............................ ~ 0.03ms
  2026-01-30 12:10:41 /favicon.ico ................................. ~ 0.03ms
  2026-01-30 12:10:42 /painel/data ................................. ~ 0.06ms
  2026-01-30 12:10:45 /painel/data ................................. ~ 0.09ms
  2026-01-30 12:10:48 /painel/data ................................. ~ 0.07ms
  2026-01-30 12:10:51 /painel/data ................................. ~ 0.07ms
  2026-01-30 12:10:54 /painel/data ................................. ~ 0.08ms
  2026-01-30 12:10:57 /painel/data ................................. ~ 0.08ms
  2026-01-30 12:11:00 /painel/data ................................. ~ 0.07ms
  2026-01-30 12:11:00 /login ..................................... ~ 500.39ms
  2026-01-30 12:11:00 /images/login.png ............................ ~ 0.03ms
  2026-01-30 12:11:00 /favicon.ico ................................. ~ 0.03ms
  2026-01-30 12:11:03 /painel/data ................................. ~ 0.07ms
  2026-01-30 12:11:06 /painel/data ................................. ~ 2.37ms
  2026-01-30 12:11:06 /login ..................................... ~ 500.36ms
  2026-01-30 12:11:06 /images/login.png .......................... ~ 501.03ms
  2026-01-30 12:11:06 /favicon.ico ................................. ~ 0.03ms
  2026-01-30 12:11:07 /login ..................................... ~ 500.30ms
  2026-01-30 12:11:07 /images/login.png ............................ ~ 0.03ms
  2026-01-30 12:11:07 /favicon.ico ................................. ~ 0.03ms
  2026-01-30 12:11:09 /painel/data ................................. ~ 0.06ms
  2026-01-30 12:11:10 /login ..................................... ~ 500.36ms
  2026-01-30 12:11:10 /images/login.png ............................ ~ 0.03ms
  2026-01-30 12:11:10 /favicon.ico ................................. ~ 0.02ms
  2026-01-30 12:11:12 /painel/data ................................. ~ 0.12ms
  2026-01-30 12:11:15 /painel/data ................................. ~ 0.07ms
  2026-01-30 12:11:18 /painel/data ................................. ~ 2.83ms
  2026-01-30 12:11:18 /login ..................................... ~ 500.33ms
  2026-01-30 12:11:18 /images/login.png ............................ ~ 0.06ms
  2026-01-30 12:11:18 /favicon.ico ................................. ~ 0.03ms
  2026-01-30 12:11:21 /painel/data ................................. ~ 0.07ms
  2026-01-30 12:11:24 /painel/data ................................. ~ 0.07ms
  2026-01-30 12:11:26 /login ..................................... ~ 500.31ms
  2026-01-30 12:11:26 /images/login.png ............................ ~ 0.03ms
  2026-01-30 12:11:26 /favicon.ico ................................. ~ 0.03ms
  2026-01-30 12:11:27 /painel/data ................................. ~ 0.07ms
  2026-01-30 12:11:27 /login ....................................... ~ 0.03ms
  2026-01-30 12:11:27 /images/login.png ............................ ~ 0.04ms
  2026-01-30 12:11:27 /favicon.ico ................................. ~ 0.17ms
  2026-01-30 12:11:30 /painel/data ................................. ~ 0.13ms
  2026-01-30 12:11:33 /painel/data ................................. ~ 0.07ms
  2026-01-30 12:11:36 /painel/data ................................. ~ 0.07ms
  2026-01-30 12:11:39 /painel/data ................................. ~ 0.12ms
  2026-01-30 12:11:42 /painel/data ................................. ~ 0.07ms
  2026-01-30 12:11:45 /painel/data ................................. ~ 0.14ms
  2026-01-30 12:11:46 /login ....................................... ~ 0.07ms
  2026-01-30 12:11:46 /images/login.png ............................ ~ 0.03ms
  2026-01-30 12:11:46 /favicon.ico ................................. ~ 0.07ms
  2026-01-30 12:11:48 /painel/data ................................. ~ 0.07ms
  2026-01-30 12:11:51 /painel/data ................................. ~ 0.07ms
  2026-01-30 12:11:54 /painel/data ................................. ~ 0.13ms
  2026-01-30 12:11:55 /login ....................................... ~ 0.08ms
  2026-01-30 12:11:55 /images/login.png ............................ ~ 0.03ms
  2026-01-30 12:11:55 /favicon.ico ................................. ~ 0.13ms
  2026-01-30 12:11:57 /painel/data ................................. ~ 0.08ms
  2026-01-30 12:11:57 /login ....................................... ~ 0.03ms
  2026-01-30 12:11:57 /images/login.png ............................ ~ 0.03ms
  2026-01-30 12:11:57 /favicon.ico ................................. ~ 0.16ms
  2026-01-30 12:12:00 /painel/data ................................. ~ 0.13ms
  2026-01-30 12:12:03 /painel/data ................................. ~ 0.08ms
  2026-01-30 12:12:05 /login ....................................... ~ 0.08ms
  2026-01-30 12:12:05 /images/login.png ............................ ~ 0.03ms
  2026-01-30 12:12:05 /favicon.ico ................................. ~ 0.13ms
  2026-01-30 12:12:06 /painel/data ................................. ~ 0.14ms
  2026-01-30 12:12:09 /painel/data ................................. ~ 0.13ms
  2026-01-30 12:12:12 /painel/data ................................. ~ 0.17ms
  2026-01-30 12:12:15 /painel/data ................................. ~ 0.08ms
  2026-01-30 12:12:15 /login ....................................... ~ 0.03ms
  2026-01-30 12:12:15 /images/login.png ............................ ~ 0.02ms
  2026-01-30 12:12:15 /favicon.ico ................................. ~ 0.07ms
  2026-01-30 12:12:16 /login ....................................... ~ 0.09ms
  2026-01-30 12:12:16 /images/login.png ............................ ~ 0.03ms
  2026-01-30 12:12:16 /favicon.ico ................................. ~ 0.02ms
  2026-01-30 12:12:18 /painel/data ................................. ~ 0.08ms
  2026-01-30 12:12:18 /login ....................................... ~ 0.03ms
  2026-01-30 12:12:18 /images/login.png ............................ ~ 0.04ms
  2026-01-30 12:12:18 /favicon.ico ................................. ~ 0.13ms
  2026-01-30 12:12:19 /login ....................................... ~ 1.43ms
  2026-01-30 12:12:19 /images/login.png ............................ ~ 0.05ms
  2026-01-30 12:12:19 /favicon.ico ................................. ~ 0.10ms
  2026-01-30 12:12:21 /painel/data ................................. ~ 0.08ms
  2026-01-30 12:12:24 /painel/data ................................. ~ 0.08ms
  2026-01-30 12:12:27 /painel/data ................................. ~ 0.11ms
  2026-01-30 12:12:30 /painel/data ................................. ~ 0.09ms
  2026-01-30 12:12:30 /favicon.ico ................................. ~ 0.17ms
  2026-01-30 12:12:30 /queue/atendimento ............................... ~ 3s
  2026-01-30 12:12:34 /dashboard ................................... ~ 0.04ms
  2026-01-30 12:12:34 /dashboard ................................... ~ 0.27ms
  2026-01-30 12:12:34 /login ....................................... ~ 0.02ms
  2026-01-30 12:12:34 /images/login.png ............................ ~ 0.16ms
  2026-01-30 12:12:34 /favicon.ico ................................. ~ 3.50ms
  2026-01-30 12:12:34 /favicon.ico ................................. ~ 1.15ms
  2026-01-30 12:12:38 /queue/atendimento ........................... ~ 0.10ms
  2026-01-30 12:12:38 /queue/tickets/atendimento ................... ~ 0.33ms
  2026-01-30 12:12:38 /favicon.ico ................................. ~ 0.02ms
  2026-01-30 12:12:39 /adminPanel ................................ ~ 500.34ms
  2026-01-30 12:12:39 /favicon.ico ................................. ~ 0.03ms
  2026-01-30 12:12:40 /login ....................................... ~ 0.07ms
  2026-01-30 12:12:40 /images/login.png ............................ ~ 0.03ms
  2026-01-30 12:12:40 /favicon.ico ................................. ~ 0.03ms
  2026-01-30 12:12:51 /logout .................................... ~ 500.38ms
  2026-01-30 12:12:51 / ............................................ ~ 2.12ms
  2026-01-30 12:12:51 /login ....................................... ~ 0.03ms
  2026-01-30 12:12:51 /images/login.png ............................ ~ 0.03ms
  2026-01-30 12:12:51 /favicon.ico ................................. ~ 0.02ms
  2026-01-30 12:13:02 /login ....................................... ~ 0.11ms
  2026-01-30 12:13:02 / ............................................ ~ 0.45ms
  2026-01-30 12:13:03 /images/triagemico.png ....................... ~ 0.05ms
  2026-01-30 12:13:03 /images/atendenteico.png ..................... ~ 0.21ms
  2026-01-30 12:13:03 /images/graficoico.png ....................... ~ 0.36ms
  2026-01-30 12:13:03 /images/painel.png ........................... ~ 3.38ms
  2026-01-30 12:13:03 /images/painel_tickets.png ................... ~ 3.58ms
  2026-01-30 12:13:03 /favicon.ico ................................. ~ 0.03ms
  2026-01-30 12:13:05 /adminPanel .................................. ~ 0.15ms
  2026-01-30 12:13:06 /favicon.ico ................................. ~ 0.46ms
  2026-01-30 12:13:11 /logout ...................................... ~ 0.10ms
  2026-01-30 12:13:11 / ............................................ ~ 0.41ms
  2026-01-30 12:13:11 /login ....................................... ~ 0.03ms
  2026-01-30 12:13:11 /images/login.png ............................ ~ 0.12ms
  2026-01-30 12:13:11 /favicon.ico ................................. ~ 0.06ms
  2026-01-30 12:13:19 /login ..................................... ~ 500.36ms
  2026-01-30 12:13:19 / .......................................... ~ 502.91ms
  2026-01-30 12:13:19 /images/triagemico.png ....................... ~ 0.04ms
  2026-01-30 12:13:19 /images/atendenteico.png ..................... ~ 0.20ms
  2026-01-30 12:13:19 /favicon.ico ................................. ~ 0.02ms
  2026-01-30 12:13:21 /queue/atendimento ........................... ~ 0.10ms
  2026-01-30 12:13:22 /selecionar-guiche ........................... ~ 0.34ms
  2026-01-30 12:13:22 /images/atendenteico.png ..................... ~ 0.03ms
  2026-01-30 12:13:22 /favicon.ico ................................. ~ 0.02ms
  2026-01-30 12:13:26 /selecionar-guiche ........................... ~ 0.08ms
  2026-01-30 12:13:26 /queue/atendimento ........................... ~ 0.03ms
  2026-01-30 12:13:27 /queue/tickets/atendimento ................... ~ 0.02ms
  2026-01-30 12:13:27 /favicon.ico ................................. ~ 0.03ms
  2026-01-30 12:13:32 /queue/tickets/atendimento ................... ~ 0.13ms
  2026-01-30 12:13:37 /queue/tickets/atendimento ................... ~ 0.16ms
  2026-01-30 12:13:42 /queue/tickets/atendimento ................... ~ 0.16ms
  2026-01-30 12:13:47 /queue/tickets/atendimento ................... ~ 0.10ms
  2026-01-30 12:13:52 /queue/tickets/atendimento ................... ~ 0.09ms
  2026-01-30 12:13:57 /queue/tickets/atendimento ................... ~ 0.08ms
  2026-01-30 12:14:02 /queue/tickets/atendimento ................... ~ 0.20ms
  2026-01-30 12:14:07 /queue/tickets/atendimento ................... ~ 0.15ms
  2026-01-30 12:14:12 /queue/tickets/atendimento ................... ~ 0.20ms
  2026-01-30 12:14:17 /queue/tickets/atendimento ................... ~ 0.08ms
  2026-01-30 12:14:22 /queue/tickets/atendimento ................... ~ 0.08ms
  2026-01-30 12:14:27 /queue/tickets/atendimento ................... ~ 2.12ms
  2026-01-30 12:14:32 /queue/tickets/atendimento ................... ~ 0.10ms
  2026-01-30 12:14:37 /queue/tickets/atendimento ................... ~ 0.08ms
  2026-01-30 12:14:42 /queue/tickets/atendimento ................... ~ 0.15ms
  2026-01-30 12:14:47 /queue/tickets/atendimento ................... ~ 0.19ms
  2026-01-30 12:14:52 /queue/tickets/atendimento ................... ~ 0.09ms
  2026-01-30 12:14:57 /queue/tickets/atendimento ................... ~ 0.13ms
  2026-01-30 12:15:02 /queue/tickets/atendimento ................... ~ 0.14ms
  2026-01-30 12:15:07 /queue/tickets/atendimento ................... ~ 0.18ms
  2026-01-30 12:15:12 /queue/tickets/atendimento ................... ~ 0.16ms
  2026-01-30 12:15:17 /queue/tickets/atendimento ................... ~ 0.15ms
  2026-01-30 12:15:22 /queue/tickets/atendimento ................... ~ 0.11ms
  2026-01-30 12:15:27 /queue/tickets/atendimento ................... ~ 0.13ms
  2026-01-30 12:15:32 /queue/tickets/atendimento ................... ~ 0.15ms
  2026-01-30 12:15:37 /queue/tickets/atendimento ................... ~ 0.08ms
  2026-01-30 12:15:42 /queue/tickets/atendimento ................... ~ 0.08ms
  2026-01-30 12:15:50 /queue/tickets/atendimento ................... ~ 0.18ms
  2026-01-30 12:16:50 /queue/tickets/atendimento ................... ~ 0.11ms
  2026-01-30 12:17:50 /queue/tickets/atendimento ................. ~ 500.35ms
  2026-01-30 12:18:50 /queue/tickets/atendimento ................. ~ 500.30ms
  2026-01-30 12:19:50 /queue/tickets/atendimento ................. ~ 500.22ms
  2026-01-30 12:20:50 /queue/tickets/atendimento ................. ~ 500.24ms
  2026-01-30 12:21:50 /queue/tickets/atendimento ................... ~ 0.09ms
  2026-01-30 12:22:50 /queue/tickets/atendimento ................... ~ 0.11ms
  2026-01-30 12:23:50 /queue/tickets/atendimento ................... ~ 0.15ms
  2026-01-30 12:24:50 /queue/tickets/atendimento ................... ~ 0.12ms
  2026-01-30 12:25:50 /queue/tickets/atendimento ................... ~ 0.40ms
  2026-01-30 12:26:25 /queue/tickets/atendimento ................... ~ 0.09ms
  2026-01-30 12:26:27 /queue/tickets/atendimento ................. ~ 500.23ms
  2026-01-30 12:26:32 /queue/tickets/atendimento ................... ~ 0.11ms
  2026-01-30 12:26:37 /queue/tickets/atendimento ................... ~ 0.10ms
  2026-01-30 12:26:42 /queue/tickets/atendimento ................... ~ 0.14ms
  2026-01-30 12:26:47 /queue/tickets/atendimento ................... ~ 0.15ms
  2026-01-30 12:26:52 /queue/tickets/atendimento ................... ~ 0.09ms
  2026-01-30 12:26:57 /queue/tickets/atendimento ................... ~ 0.11ms
  2026-01-30 12:27:02 /queue/tickets/atendimento ................... ~ 0.09ms
  2026-01-30 12:27:07 /queue/tickets/atendimento ................... ~ 0.09ms
  2026-01-30 12:27:12 /queue/tickets/atendimento ................... ~ 0.56ms
  2026-01-30 12:27:17 /queue/tickets/atendimento ................... ~ 0.10ms
  2026-01-30 12:27:22 /queue/tickets/atendimento ................... ~ 0.16ms
  2026-01-30 12:27:27 /queue/tickets/atendimento ................... ~ 0.14ms
  2026-01-30 12:27:50 /queue/tickets/atendimento ................... ~ 0.09ms
  2026-01-30 12:28:50 /queue/tickets/atendimento ................... ~ 0.14ms
  2026-01-30 12:29:50 /queue/tickets/atendimento ................... ~ 0.10ms
  2026-01-30 12:30:33 /queue/tickets/atendimento ................... ~ 0.46ms
  2026-01-30 12:30:37 /queue/tickets/atendimento ................... ~ 0.10ms
  2026-01-30 12:30:42 /queue/tickets/atendimento ................... ~ 0.11ms
  2026-01-30 12:30:47 /queue/tickets/atendimento ................... ~ 0.11ms
  2026-01-30 12:30:52 /queue/tickets/atendimento ................... ~ 0.09ms
  2026-01-30 12:30:57 /queue/tickets/atendimento ................... ~ 0.16ms
  2026-01-30 12:31:02 /queue/tickets/atendimento ................... ~ 0.10ms
  2026-01-30 12:31:07 /queue/tickets/atendimento ................... ~ 0.09ms
  2026-01-30 12:31:12 /queue/tickets/atendimento ................... ~ 0.08ms
  2026-01-30 12:31:17 /queue/tickets/atendimento ................... ~ 0.09ms
  2026-01-30 12:31:22 /queue/tickets/atendimento ................... ~ 0.09ms
  2026-01-30 12:31:27 /queue/tickets/atendimento ................... ~ 0.12ms
  2026-01-30 12:31:32 /queue/tickets/atendimento ................... ~ 0.16ms
  2026-01-30 12:31:50 /queue/tickets/atendimento ................... ~ 0.10ms
  2026-01-30 12:32:28 /queue/tickets/atendimento ................... ~ 0.11ms
  2026-01-30 12:32:32 /queue/tickets/atendimento ................... ~ 0.10ms
  2026-01-30 12:32:37 /queue/tickets/atendimento ................... ~ 0.10ms
  2026-01-30 12:32:42 /queue/tickets/atendimento ................... ~ 0.09ms
  2026-01-30 12:32:47 /queue/tickets/atendimento ................... ~ 0.19ms
  2026-01-30 12:32:52 /queue/tickets/atendimento ................... ~ 3.22ms
  2026-01-30 12:32:57 /queue/tickets/atendimento ................... ~ 0.10ms
  2026-01-30 12:33:02 /queue/tickets/atendimento ................... ~ 0.09ms
  2026-01-30 12:33:07 /queue/tickets/atendimento ................... ~ 0.15ms
  2026-01-30 12:33:12 /queue/tickets/atendimento ................... ~ 0.11ms
  2026-01-30 12:33:17 /queue/tickets/atendimento ................... ~ 0.11ms
  2026-01-30 12:33:22 /queue/tickets/atendimento ................... ~ 0.16ms
  2026-01-30 12:33:27 /queue/tickets/atendimento ................... ~ 0.16ms
  2026-01-30 12:33:50 /queue/tickets/atendimento ................... ~ 0.10ms
  2026-01-30 12:34:41 /queue/tickets/atendimento ................... ~ 0.09ms
  2026-01-30 12:34:42 /queue/tickets/atendimento ................... ~ 0.17ms
  2026-01-30 12:34:47 /queue/tickets/atendimento ................... ~ 0.09ms
  2026-01-30 12:34:52 /queue/tickets/atendimento ................... ~ 0.14ms
  2026-01-30 12:34:57 /queue/tickets/atendimento ................... ~ 0.14ms
  2026-01-30 12:35:02 /queue/tickets/atendimento ................... ~ 0.13ms
  2026-01-30 12:35:07 /queue/tickets/atendimento ................... ~ 0.09ms
  2026-01-30 12:35:12 /queue/tickets/atendimento ................... ~ 0.17ms
  2026-01-30 12:35:17 /queue/tickets/atendimento ................... ~ 0.08ms
  2026-01-30 12:35:22 /queue/tickets/atendimento ................... ~ 0.14ms
  2026-01-30 12:35:27 /queue/tickets/atendimento ................... ~ 0.14ms
  2026-01-30 12:35:32 /queue/tickets/atendimento ................... ~ 0.15ms
  2026-01-30 12:35:37 /queue/tickets/atendimento ................... ~ 0.09ms
  2026-01-30 12:35:42 /queue/tickets/atendimento ................... ~ 0.10ms
  2026-01-30 12:35:47 /queue/tickets/atendimento ................... ~ 0.14ms
  2026-01-30 12:35:52 /queue/tickets/atendimento ................... ~ 0.14ms
  2026-01-30 12:35:57 /queue/tickets/atendimento ................... ~ 0.14ms
  2026-01-30 12:36:50 /queue/tickets/atendimento ................... ~ 0.14ms
  2026-01-30 12:37:50 /queue/tickets/atendimento ................... ~ 0.15ms
  2026-01-30 12:38:50 /queue/tickets/atendimento ................... ~ 0.10ms
  2026-01-30 12:39:50 /queue/tickets/atendimento ................... ~ 0.15ms
  2026-01-30 12:40:50 /queue/tickets/atendimento ................... ~ 0.10ms
  2026-01-30 12:41:50 /queue/tickets/atendimento ................... ~ 0.12ms
  2026-01-30 12:42:50 /queue/tickets/atendimento ................... ~ 0.14ms
  2026-01-30 12:43:50 /queue/tickets/atendimento ................... ~ 0.16ms
  2026-01-30 12:44:50 /queue/tickets/atendimento ................... ~ 0.10ms
  2026-01-30 12:45:50 /queue/tickets/atendimento ................. ~ 500.22ms
  2026-01-30 12:46:50 /queue/tickets/atendimento ................. ~ 500.33ms
  2026-01-30 12:47:50 /queue/tickets/atendimento ................... ~ 0.09ms
  2026-01-30 12:48:50 /queue/tickets/atendimento ................. ~ 500.26ms
  2026-01-30 12:49:50 /queue/tickets/atendimento ................... ~ 0.09ms
  2026-01-30 12:50:50 /queue/tickets/atendimento ................... ~ 0.10ms
  2026-01-30 12:51:50 /queue/tickets/atendimento ................... ~ 0.10ms
  2026-01-30 12:52:50 /queue/tickets/atendimento ................. ~ 500.39ms
  2026-01-30 12:53:50 /queue/tickets/atendimento ................... ~ 0.14ms
  2026-01-30 12:54:50 /queue/tickets/atendimento ................... ~ 0.10ms
  2026-01-30 12:55:50 /queue/tickets/atendimento ................... ~ 0.09ms
  2026-01-30 12:55:59 /queue/tickets/atendimento ................... ~ 0.09ms
  2026-01-30 12:56:02 /queue/tickets/atendimento ................... ~ 0.09ms
  2026-01-30 12:56:07 /queue/tickets/atendimento ................... ~ 0.09ms
  2026-01-30 12:56:12 /queue/tickets/atendimento ................... ~ 0.15ms
  2026-01-30 12:56:17 /queue/tickets/atendimento ................... ~ 0.15ms
  2026-01-30 12:56:22 /queue/tickets/atendimento ................... ~ 0.15ms
  2026-01-30 12:56:27 /queue/tickets/atendimento ................... ~ 0.15ms
  2026-01-30 12:56:32 /queue/tickets/atendimento ................... ~ 0.15ms
  2026-01-30 12:56:37 /queue/tickets/atendimento ................... ~ 0.09ms
  2026-01-30 12:56:42 /queue/tickets/atendimento ................... ~ 0.18ms
  2026-01-30 12:56:47 /queue/tickets/atendimento ................... ~ 0.09ms
  2026-01-30 12:56:52 /queue/tickets/atendimento ................... ~ 0.16ms
  2026-01-30 12:56:57 /queue/tickets/atendimento ................... ~ 0.10ms
  2026-01-30 12:57:02 /queue/tickets/atendimento ................... ~ 0.16ms
  2026-01-30 12:57:07 /queue/tickets/atendimento ................... ~ 0.10ms
  2026-01-30 12:57:12 /queue/tickets/atendimento ................... ~ 0.09ms
  2026-01-30 12:57:17 /queue/tickets/atendimento ................... ~ 0.18ms
  2026-01-30 12:57:50 /queue/tickets/atendimento ................... ~ 0.14ms
  2026-01-30 12:58:31 /queue/tickets/atendimento ................... ~ 0.18ms
  2026-01-30 12:58:37 /queue/tickets/atendimento ................... ~ 0.10ms
  2026-01-30 12:58:42 /queue/tickets/atendimento ................... ~ 0.10ms
  2026-01-30 12:58:47 /queue/tickets/atendimento ................... ~ 0.09ms
  2026-01-30 12:58:52 /queue/tickets/atendimento ................... ~ 0.14ms
  2026-01-30 12:58:57 /queue/tickets/atendimento ................... ~ 0.14ms
  2026-01-30 12:59:02 /queue/tickets/atendimento ................... ~ 0.16ms
  2026-01-30 12:59:07 /queue/tickets/atendimento ................... ~ 0.08ms
  2026-01-30 12:59:12 /queue/tickets/atendimento ................... ~ 0.10ms
  2026-01-30 12:59:17 /queue/tickets/atendimento ................... ~ 0.09ms
  2026-01-30 12:59:22 /queue/tickets/atendimento ................... ~ 0.10ms
  2026-01-30 12:59:27 /queue/tickets/atendimento ................... ~ 0.14ms
  2026-01-30 12:59:32 /queue/tickets/atendimento ................... ~ 0.10ms
  2026-01-30 12:59:37 /queue/tickets/atendimento ................... ~ 0.09ms
  2026-01-30 12:59:42 /queue/tickets/atendimento ................... ~ 0.10ms
  2026-01-30 12:59:47 /queue/tickets/atendimento ................... ~ 0.08ms
  2026-01-30 12:59:52 /queue/tickets/atendimento ................... ~ 0.16ms
  2026-01-30 12:59:57 /queue/tickets/atendimento ................... ~ 0.08ms
  2026-01-30 13:00:02 /queue/tickets/atendimento ................... ~ 0.14ms
  2026-01-30 13:00:07 /queue/tickets/atendimento ................... ~ 0.16ms
  2026-01-30 13:00:12 /queue/tickets/atendimento ................... ~ 0.08ms
  2026-01-30 13:00:17 /queue/tickets/atendimento ................... ~ 0.08ms
  2026-01-30 13:00:22 /queue/tickets/atendimento ................... ~ 0.13ms
  2026-01-30 13:00:27 /queue/tickets/atendimento ................... ~ 0.15ms
  2026-01-30 13:00:32 /queue/tickets/atendimento ................... ~ 0.08ms
  2026-01-30 13:00:34 / ............................................ ~ 0.16ms
  2026-01-30 13:00:34 /images/triagemico.png ....................... ~ 0.72ms
  2026-01-30 13:00:34 /images/atendenteico.png ..................... ~ 2.26ms
  2026-01-30 13:00:34 /favicon.ico ................................. ~ 0.03ms
  2026-01-30 13:00:35 /queue/atendimento ........................... ~ 0.08ms
  2026-01-30 13:00:35 /queue/tickets/atendimento ................... ~ 0.43ms
  2026-01-30 13:00:35 /favicon.ico ................................. ~ 0.02ms
  2026-01-30 13:00:40 /queue/tickets/atendimento ................. ~ 500.35ms
  2026-01-30 13:00:45 /queue/tickets/atendimento ................... ~ 0.13ms
  2026-01-30 13:00:50 /queue/tickets/atendimento ................... ~ 0.13ms
  2026-01-30 13:00:55 /queue/tickets/atendimento ................... ~ 0.08ms
  2026-01-30 13:01:00 /queue/tickets/atendimento ................... ~ 0.09ms
  2026-01-30 13:01:05 /queue/tickets/atendimento ................... ~ 0.12ms
  2026-01-30 13:01:10 /queue/tickets/atendimento ................... ~ 0.09ms
  2026-01-30 13:01:15 /queue/tickets/atendimento ................... ~ 0.21ms
  2026-01-30 13:01:20 /queue/tickets/atendimento ................... ~ 0.18ms
  2026-01-30 13:01:25 /queue/tickets/atendimento ................... ~ 0.18ms
  2026-01-30 13:01:30 /queue/tickets/atendimento ................... ~ 0.09ms
  2026-01-30 13:01:35 /queue/tickets/atendimento ................... ~ 0.32ms
  2026-01-30 13:01:40 /queue/tickets/atendimento ................... ~ 0.13ms
  2026-01-30 13:01:50 /queue/tickets/atendimento ................... ~ 0.09ms
  2026-01-30 13:02:50 /queue/tickets/atendimento ................... ~ 0.11ms
  2026-01-30 13:03:50 /queue/tickets/atendimento ................... ~ 0.17ms
  2026-01-30 13:04:50 /queue/tickets/atendimento ................... ~ 0.18ms
  2026-01-30 13:05:50 /queue/tickets/atendimento ................... ~ 0.09ms
  2026-01-30 13:06:50 /queue/tickets/atendimento ................... ~ 0.10ms
  2026-01-30 13:07:50 /queue/tickets/atendimento ................... ~ 0.18ms
  2026-01-30 13:08:50 /queue/tickets/atendimento ................... ~ 0.11ms
  2026-01-30 13:08:59 /queue/tickets/atendimento ................... ~ 0.17ms
  2026-01-30 13:09:00 /queue/tickets/atendimento ................... ~ 0.12ms
  2026-01-30 13:09:05 /queue/tickets/atendimento ................... ~ 0.15ms
  2026-01-30 13:09:10 /queue/tickets/atendimento ................... ~ 0.10ms
  2026-01-30 13:09:15 /queue/tickets/atendimento ................... ~ 0.09ms
  2026-01-30 13:09:20 /queue/tickets/atendimento ................... ~ 0.17ms
  2026-01-30 13:09:25 /queue/tickets/atendimento ................... ~ 0.17ms
  2026-01-30 13:09:30 /queue/tickets/atendimento ................... ~ 0.17ms
  2026-01-30 13:09:35 /queue/tickets/atendimento ................... ~ 0.11ms
  2026-01-30 13:09:40 /queue/tickets/atendimento ................... ~ 0.16ms
  2026-01-30 13:09:45 /queue/tickets/atendimento ................... ~ 0.17ms
  2026-01-30 13:09:50 /queue/tickets/atendimento ................... ~ 0.14ms
  2026-01-30 13:09:55 /queue/tickets/atendimento ................... ~ 0.14ms
  2026-01-30 13:10:00 /queue/tickets/atendimento ................... ~ 0.15ms
  2026-01-30 13:10:50 /queue/tickets/atendimento ................... ~ 0.15ms
  2026-01-30 13:11:50 /queue/tickets/atendimento ................. ~ 500.37ms
  2026-01-30 13:11:55 /queue/tickets/atendimento ................... ~ 0.09ms
  2026-01-30 13:12:00 /queue/tickets/atendimento ................... ~ 0.10ms
  2026-01-30 13:12:05 /queue/tickets/atendimento ................... ~ 0.09ms
  2026-01-30 13:12:10 /queue/tickets/atendimento ................. ~ 500.22ms
  2026-01-30 13:12:15 /queue/tickets/atendimento ................. ~ 500.27ms
  2026-01-30 13:12:20 /queue/tickets/atendimento ................. ~ 500.35ms
  2026-01-30 13:12:25 /queue/tickets/atendimento ................. ~ 500.36ms
  2026-01-30 13:12:30 /queue/tickets/atendimento ................. ~ 500.41ms
  2026-01-30 13:12:35 /queue/tickets/atendimento ................... ~ 0.09ms
  2026-01-30 13:12:40 /queue/tickets/atendimento ................. ~ 500.32ms
  2026-01-30 13:12:45 /queue/tickets/atendimento ................... ~ 0.09ms
  2026-01-30 13:12:50 /queue/tickets/atendimento ................... ~ 0.09ms
  2026-01-30 13:12:55 /queue/tickets/atendimento ................... ~ 0.09ms
  2026-01-30 13:13:00 /queue/tickets/atendimento ................... ~ 0.10ms
  2026-01-30 13:13:05 /queue/tickets/atendimento ................... ~ 0.09ms
  2026-01-30 13:13:10 /queue/tickets/atendimento ................... ~ 0.09ms
  2026-01-30 13:13:15 /queue/tickets/atendimento ................... ~ 0.09ms
  2026-01-30 13:13:20 /queue/tickets/atendimento ................... ~ 0.09ms
  2026-01-30 13:13:25 /queue/tickets/atendimento ................... ~ 0.08ms
  2026-01-30 13:13:30 /queue/tickets/atendimento ................... ~ 0.08ms
  2026-01-30 13:13:50 /queue/tickets/atendimento ................... ~ 0.09ms
  2026-01-30 13:14:50 /queue/tickets/atendimento ................... ~ 0.14ms
  2026-01-30 13:15:50 /queue/tickets/atendimento ................... ~ 0.09ms
  2026-01-30 13:16:50 /queue/tickets/atendimento ................... ~ 0.17ms
  2026-01-30 13:17:50 /queue/tickets/atendimento ................... ~ 0.09ms
  2026-01-30 13:18:50 /queue/tickets/atendimento ................... ~ 0.08ms
  2026-01-30 13:19:50 /queue/tickets/atendimento ................... ~ 0.08ms
  2026-01-30 13:20:50 /queue/tickets/atendimento ................... ~ 0.11ms
  2026-01-30 13:21:50 /queue/tickets/atendimento ................... ~ 0.14ms
  2026-01-30 13:22:50 /queue/tickets/atendimento ................... ~ 0.10ms
  2026-01-30 13:23:21 /queue/tickets/atendimento ................... ~ 0.09ms
  2026-01-30 13:23:25 /queue/tickets/atendimento ................... ~ 0.18ms
  2026-01-30 13:23:30 /queue/tickets/atendimento ................... ~ 0.08ms
  2026-01-30 13:23:35 /queue/tickets/atendimento ................... ~ 0.15ms
  2026-01-30 13:23:40 /queue/tickets/atendimento ................... ~ 0.13ms
  2026-01-30 13:23:45 /queue/tickets/atendimento ................... ~ 0.11ms
  2026-01-30 13:23:50 /queue/tickets/atendimento ................. ~ 500.31ms
  2026-01-30 13:23:55 /queue/tickets/atendimento ................. ~ 500.34ms
  2026-01-30 13:24:00 /queue/tickets/atendimento ................. ~ 500.44ms
  2026-01-30 13:24:05 /queue/tickets/atendimento ................. ~ 500.26ms
  2026-01-30 13:24:10 /queue/tickets/atendimento ................. ~ 500.47ms
  2026-01-30 13:24:15 /queue/tickets/atendimento ................. ~ 500.36ms
  2026-01-30 13:24:20 /queue/tickets/atendimento ................. ~ 500.39ms
  2026-01-30 13:24:25 /queue/tickets/atendimento ................. ~ 500.32ms
  2026-01-30 13:24:30 /queue/tickets/atendimento ................. ~ 500.21ms
  2026-01-30 13:24:35 /queue/tickets/atendimento ................. ~ 500.31ms
  2026-01-30 13:24:40 /queue/tickets/atendimento ................. ~ 500.24ms
  2026-01-30 13:24:45 /queue/tickets/atendimento ................... ~ 0.08ms
  2026-01-30 13:24:50 /queue/tickets/atendimento ................... ~ 0.13ms
  2026-01-30 13:24:55 /queue/tickets/atendimento ................... ~ 0.09ms
  2026-01-30 13:25:00 /queue/tickets/atendimento ................... ~ 0.07ms
  2026-01-30 13:25:05 /queue/tickets/atendimento ................... ~ 0.15ms
  2026-01-30 13:25:10 /queue/tickets/atendimento ................. ~ 500.33ms
  2026-01-30 13:25:15 /queue/tickets/atendimento ................. ~ 500.34ms
  2026-01-30 13:25:20 /queue/tickets/atendimento ................... ~ 0.09ms
  2026-01-30 13:25:25 /queue/tickets/atendimento ................... ~ 0.08ms
  2026-01-30 13:25:30 /queue/tickets/atendimento ................... ~ 0.18ms
  2026-01-30 13:25:35 /queue/tickets/atendimento ................... ~ 0.09ms
  2026-01-30 13:25:40 /queue/tickets/atendimento ................... ~ 0.13ms
  2026-01-30 13:25:45 /queue/tickets/atendimento ................... ~ 0.09ms
  2026-01-30 13:25:50 /queue/tickets/atendimento ................... ~ 0.07ms
  2026-01-30 13:25:55 /queue/tickets/atendimento ................... ~ 0.08ms
  2026-01-30 13:26:00 /queue/tickets/atendimento ................... ~ 0.09ms
  2026-01-30 13:26:05 /queue/tickets/atendimento ................... ~ 0.11ms
  2026-01-30 13:26:10 /queue/tickets/atendimento ................... ~ 0.17ms
  2026-01-30 13:26:15 /queue/tickets/atendimento ................... ~ 0.09ms
  2026-01-30 13:26:20 /queue/tickets/atendimento ................... ~ 0.09ms
  2026-01-30 13:26:25 /queue/tickets/atendimento ................... ~ 0.08ms
  2026-01-30 13:26:30 /queue/tickets/atendimento ................... ~ 0.08ms
  2026-01-30 13:26:35 /queue/tickets/atendimento ................... ~ 0.12ms
  2026-01-30 13:26:40 /queue/tickets/atendimento ................... ~ 0.11ms
  2026-01-30 13:26:45 /queue/tickets/atendimento ................... ~ 0.09ms
  2026-01-30 13:26:50 /queue/tickets/atendimento ................... ~ 0.11ms
  2026-01-30 13:26:55 /queue/tickets/atendimento ................... ~ 0.15ms
  2026-01-30 13:27:00 /queue/tickets/atendimento ................... ~ 0.13ms
  2026-01-30 13:27:05 /queue/tickets/atendimento ................... ~ 0.09ms
  2026-01-30 13:27:10 /queue/tickets/atendimento ................... ~ 0.08ms
  2026-01-30 13:27:15 /queue/tickets/atendimento ................... ~ 0.08ms
  2026-01-30 13:27:20 /queue/tickets/atendimento ................... ~ 0.09ms
  2026-01-30 13:27:25 /queue/tickets/atendimento ................... ~ 0.08ms
  2026-01-30 13:27:30 /queue/tickets/atendimento ................... ~ 0.08ms
  2026-01-30 13:27:35 /queue/tickets/atendimento ................... ~ 0.14ms
  2026-01-30 13:27:40 /queue/tickets/atendimento ................... ~ 0.19ms
  2026-01-30 13:27:45 /queue/tickets/atendimento ................... ~ 0.14ms
  2026-01-30 13:27:50 /queue/tickets/atendimento ................... ~ 0.10ms
  2026-01-30 13:27:55 /queue/tickets/atendimento ................... ~ 0.09ms
  2026-01-30 13:28:00 /queue/tickets/atendimento ................... ~ 0.09ms
  2026-01-30 13:28:05 /queue/tickets/atendimento ................... ~ 0.09ms
  2026-01-30 13:28:10 /queue/tickets/atendimento ................... ~ 0.09ms
  2026-01-30 13:28:14 /queue/atendimento ........................... ~ 0.10ms
  2026-01-30 13:28:14 /queue/atendimento ........................... ~ 0.33ms
  2026-01-30 13:28:14 /queue/tickets/atendimento ................... ~ 0.10ms
  2026-01-30 13:28:14 /favicon.ico ................................. ~ 0.03ms
  2026-01-30 13:28:15 /queue/atendimento ........................... ~ 0.03ms
  2026-01-30 13:28:15 /queue/tickets/atendimento ................... ~ 1.86ms
  2026-01-30 13:28:15 /favicon.ico ................................. ~ 0.03ms
  2026-01-30 13:28:20 /queue/tickets/atendimento ................... ~ 0.11ms
  2026-01-30 13:28:23 /logout ...................................... ~ 0.08ms
  2026-01-30 13:28:23 / ............................................ ~ 0.03ms
  2026-01-30 13:28:23 /login ....................................... ~ 0.02ms
  2026-01-30 13:28:23 /images/login.png ............................ ~ 0.04ms
  2026-01-30 13:28:23 /favicon.ico ................................. ~ 0.08ms
  2026-01-30 13:28:32 /login ....................................... ~ 0.10ms
  2026-01-30 13:28:32 / ............................................ ~ 0.37ms
  2026-01-30 13:28:33 /images/triagemico.png ....................... ~ 0.03ms
  2026-01-30 13:28:33 /images/atendenteico.png ..................... ~ 2.23ms
  2026-01-30 13:28:33 /favicon.ico ................................. ~ 0.03ms
  2026-01-30 13:28:36 /queue/triagem ............................... ~ 0.08ms
  2026-01-30 13:28:36 /queue/tickets/triagem ..................... ~ 500.29ms
  2026-01-30 13:28:36 /favicon.ico ................................. ~ 0.04ms
  2026-01-30 13:28:38 / .......................................... ~ 500.25ms
  2026-01-30 13:28:39 /images/triagemico.png ....................... ~ 0.04ms
  2026-01-30 13:28:39 /images/atendenteico.png ..................... ~ 0.23ms
  2026-01-30 13:28:39 /favicon.ico ................................. ~ 0.02ms
  2026-01-30 13:28:40 /queue/atendimento ......................... ~ 500.35ms
  2026-01-30 13:28:40 /queue/tickets/atendimento ................. ~ 500.78ms
  2026-01-30 13:28:40 /favicon.ico ................................. ~ 0.07ms
  2026-01-30 13:28:45 /queue/tickets/atendimento ................... ~ 0.09ms
  2026-01-30 13:28:50 /queue/tickets/atendimento ................... ~ 0.09ms
  2026-01-30 13:28:52 / ............................................ ~ 0.09ms
  2026-01-30 13:28:53 /images/triagemico.png ....................... ~ 0.04ms
  2026-01-30 13:28:53 /images/atendenteico.png ..................... ~ 0.22ms
  2026-01-30 13:28:53 /favicon.ico ................................. ~ 0.07ms
  2026-01-30 13:29:00 /queue/atendimento ........................... ~ 1.90ms
  2026-01-30 13:29:01 /queue/tickets/atendimento ................... ~ 0.03ms
  2026-01-30 13:29:01 /favicon.ico ................................. ~ 0.02ms
  2026-01-30 13:29:02 / .......................................... ~ 500.34ms
  2026-01-30 13:29:02 /images/triagemico.png ....................... ~ 0.41ms
  2026-01-30 13:29:02 /images/atendenteico.png ..................... ~ 0.18ms
  2026-01-30 13:29:02 /favicon.ico ................................. ~ 0.03ms
  2026-01-30 13:29:03 /queue/triagem ............................. ~ 500.38ms
  2026-01-30 13:29:03 /queue/tickets/triagem ....................... ~ 0.48ms
  2026-01-30 13:29:03 /favicon.ico ................................. ~ 0.03ms
  2026-01-30 13:29:04 / ............................................ ~ 0.08ms
  2026-01-30 13:29:04 /images/triagemico.png ....................... ~ 0.42ms
  2026-01-30 13:29:04 /images/atendenteico.png ..................... ~ 0.18ms
  2026-01-30 13:29:04 /favicon.ico ................................. ~ 0.02ms
  2026-01-30 13:29:05 /queue/atendimento ........................... ~ 0.79ms
  2026-01-30 13:29:05 /queue/tickets/atendimento ................... ~ 0.04ms
  2026-01-30 13:29:05 /favicon.ico ................................. ~ 0.03ms
  2026-01-30 13:29:07 / ............................................ ~ 0.12ms
  2026-01-30 13:29:07 /images/triagemico.png ....................... ~ 0.04ms
  2026-01-30 13:29:07 /images/atendenteico.png ..................... ~ 0.21ms
  2026-01-30 13:29:07 /favicon.ico ................................. ~ 0.02ms
  2026-01-30 13:29:08 /queue/atendimento ......................... ~ 500.21ms
  2026-01-30 13:29:09 /queue/tickets/atendimento ................... ~ 0.03ms
  2026-01-30 13:29:09 /favicon.ico ................................. ~ 0.02ms
  2026-01-30 13:29:13 / ............................................ ~ 0.08ms
  2026-01-30 13:29:13 /images/triagemico.png ....................... ~ 0.04ms
  2026-01-30 13:29:13 /images/atendenteico.png ..................... ~ 0.19ms
  2026-01-30 13:29:13 /favicon.ico ................................. ~ 0.02ms
  2026-01-30 13:29:15 /queue/triagem ............................... ~ 0.10ms
  2026-01-30 13:29:15 /queue/tickets/triagem ....................... ~ 0.67ms
  2026-01-30 13:29:15 /favicon.ico ................................. ~ 0.05ms
  2026-01-30 13:29:16 / ............................................ ~ 0.10ms
  2026-01-30 13:29:17 /images/triagemico.png ....................... ~ 0.04ms
  2026-01-30 13:29:17 /images/atendenteico.png ..................... ~ 0.23ms
  2026-01-30 13:29:17 /favicon.ico ................................. ~ 0.02ms
  2026-01-30 13:29:17 /queue/atendimento ......................... ~ 500.39ms
  2026-01-30 13:29:17 /queue/tickets/atendimento ................. ~ 500.85ms
  2026-01-30 13:29:17 /favicon.ico ................................. ~ 0.03ms
  2026-01-30 13:29:18 / .......................................... ~ 500.42ms
  2026-01-30 13:29:19 /images/triagemico.png ....................... ~ 0.68ms
  2026-01-30 13:29:19 /images/atendenteico.png ..................... ~ 0.03ms
  2026-01-30 13:29:19 /favicon.ico ................................. ~ 0.02ms
  2026-01-30 13:29:19 /queue/triagem ............................. ~ 500.27ms
  2026-01-30 13:29:19 /queue/tickets/triagem ....................... ~ 0.03ms
  2026-01-30 13:29:20 /favicon.ico ................................. ~ 0.02ms
  2026-01-30 13:29:20 / .......................................... ~ 500.38ms
  2026-01-30 13:29:21 /images/triagemico.png ....................... ~ 0.09ms
  2026-01-30 13:29:21 /images/atendenteico.png ..................... ~ 0.41ms
  2026-01-30 13:29:21 /favicon.ico ................................. ~ 0.02ms
  2026-01-30 13:29:21 /queue/atendimento ........................... ~ 1.74ms
  2026-01-30 13:29:21 /queue/tickets/atendimento ................... ~ 2.09ms
  2026-01-30 13:29:21 /favicon.ico ................................. ~ 0.03ms
  2026-01-30 13:29:23 / ............................................ ~ 0.07ms
  2026-01-30 13:29:23 /images/triagemico.png ....................... ~ 0.03ms
  2026-01-30 13:29:23 /images/atendenteico.png ..................... ~ 0.18ms
  2026-01-30 13:29:23 /favicon.ico ................................. ~ 0.02ms
  2026-01-30 13:29:24 /queue/triagem ............................... ~ 0.08ms
  2026-01-30 13:29:24 /queue/tickets/triagem ..................... ~ 500.39ms
  2026-01-30 13:29:24 /favicon.ico ................................. ~ 0.06ms
  2026-01-30 13:29:25 / ............................................ ~ 0.11ms
  2026-01-30 13:29:26 /images/triagemico.png ....................... ~ 0.41ms
  2026-01-30 13:29:26 /images/atendenteico.png ..................... ~ 0.18ms
  2026-01-30 13:29:26 /favicon.ico ................................. ~ 0.02ms
  2026-01-30 13:29:26 /queue/atendimento ........................... ~ 0.06ms
  2026-01-30 13:29:26 /queue/tickets/atendimento ................. ~ 500.34ms
  2026-01-30 13:29:26 /favicon.ico ................................. ~ 0.12ms
  2026-01-30 13:29:27 / .......................................... ~ 500.37ms
  2026-01-30 13:29:28 /images/triagemico.png ....................... ~ 0.07ms
  2026-01-30 13:29:28 /images/atendenteico.png ..................... ~ 0.21ms
  2026-01-30 13:29:28 /favicon.ico ................................. ~ 0.02ms
  2026-01-30 13:29:29 /queue/triagem ............................. ~ 500.37ms
  2026-01-30 13:29:29 /queue/tickets/triagem ....................... ~ 0.12ms
  2026-01-30 13:29:29 /favicon.ico ................................. ~ 0.05ms
  2026-01-30 13:29:30 / ............................................ ~ 0.14ms
  2026-01-30 13:29:30 /images/triagemico.png ....................... ~ 0.07ms
  2026-01-30 13:29:30 /images/atendenteico.png ..................... ~ 1.72ms
  2026-01-30 13:29:30 /favicon.ico ................................. ~ 0.02ms
  2026-01-30 13:30:17 /queue/atendimento ......................... ~ 500.46ms
  2026-01-30 13:30:17 /queue/tickets/atendimento ................... ~ 0.54ms
  2026-01-30 13:30:18 /favicon.ico ................................. ~ 0.03ms
  2026-01-30 13:30:19 / ............................................ ~ 0.12ms
  2026-01-30 13:30:19 /images/triagemico.png ....................... ~ 2.13ms
  2026-01-30 13:30:19 /images/atendenteico.png ..................... ~ 2.29ms
  2026-01-30 13:30:19 /favicon.ico ................................. ~ 0.04ms
  2026-01-30 13:30:20 /queue/triagem ............................. ~ 500.30ms
  2026-01-30 13:30:20 /queue/tickets/triagem ....................... ~ 0.30ms
  2026-01-30 13:30:20 /favicon.ico ................................. ~ 0.02ms
  2026-01-30 13:30:22 / .......................................... ~ 500.39ms
  2026-01-30 13:30:22 /images/triagemico.png ....................... ~ 0.78ms
  2026-01-30 13:30:22 /images/atendenteico.png ..................... ~ 0.45ms
  2026-01-30 13:30:22 /favicon.ico ................................. ~ 0.03ms
  2026-01-30 13:30:24 /queue/atendimento ........................... ~ 0.12ms
  2026-01-30 13:30:24 /queue/tickets/atendimento ................... ~ 0.06ms
  2026-01-30 13:30:24 /favicon.ico ................................. ~ 0.03ms
  2026-01-30 13:30:25 / ............................................ ~ 0.14ms
  2026-01-30 13:30:25 /images/triagemico.png ....................... ~ 0.85ms
  2026-01-30 13:30:25 /images/atendenteico.png ..................... ~ 0.23ms
  2026-01-30 13:30:25 /favicon.ico ................................. ~ 0.02ms
  2026-01-30 13:30:26 /queue/triagem ............................... ~ 0.08ms
  2026-01-30 13:30:26 /queue/tickets/triagem ....................... ~ 0.30ms
  2026-01-30 13:30:26 /favicon.ico ................................. ~ 0.02ms
  2026-01-30 13:30:28 / ............................................ ~ 0.09ms
  2026-01-30 13:30:28 /images/triagemico.png ....................... ~ 0.76ms
  2026-01-30 13:30:28 /images/atendenteico.png ..................... ~ 0.37ms
  2026-01-30 13:30:28 /favicon.ico ................................. ~ 0.05ms
  2026-01-30 13:30:29 /queue/atendimento ........................... ~ 0.35ms
  2026-01-30 13:30:29 /queue/tickets/atendimento ................... ~ 0.06ms
  2026-01-30 13:30:29 /favicon.ico ................................. ~ 0.06ms
  2026-01-30 13:30:34 /queue/tickets/atendimento ................... ~ 0.25ms
  2026-01-30 13:30:39 /queue/tickets/atendimento ................... ~ 0.08ms
  2026-01-30 13:30:44 /queue/tickets/atendimento ................... ~ 0.13ms
  2026-01-30 13:30:49 /queue/tickets/atendimento ................... ~ 0.17ms
  2026-01-30 13:30:54 /queue/tickets/atendimento ................... ~ 0.08ms
  2026-01-30 13:30:55 / .......................................... ~ 500.40ms
  2026-01-30 13:30:55 /images/triagemico.png ....................... ~ 0.12ms
  2026-01-30 13:30:55 /images/atendenteico.png ..................... ~ 3.16ms
  2026-01-30 13:30:55 /favicon.ico ................................. ~ 0.03ms
  2026-01-30 13:30:56 /queue/atendimento ......................... ~ 500.43ms
  2026-01-30 13:30:57 /queue/tickets/atendimento ................... ~ 0.06ms
  2026-01-30 13:30:57 /favicon.ico ................................. ~ 0.06ms
  2026-01-30 13:30:58 / ............................................ ~ 0.14ms
  2026-01-30 13:30:58 /images/triagemico.png ....................... ~ 3.44ms
  2026-01-30 13:30:58 /images/atendenteico.png ..................... ~ 0.28ms
  2026-01-30 13:30:58 /favicon.ico ................................. ~ 0.03ms
  2026-01-30 13:30:58 /queue/triagem ............................... ~ 0.14ms
  2026-01-30 13:30:59 /queue/tickets/triagem ....................... ~ 0.06ms
  2026-01-30 13:30:59 /favicon.ico ................................. ~ 0.03ms
  2026-01-30 13:30:59 / .......................................... ~ 500.37ms
  2026-01-30 13:31:00 /images/triagemico.png ....................... ~ 0.41ms
  2026-01-30 13:31:00 /images/atendenteico.png ..................... ~ 0.19ms
  2026-01-30 13:31:00 /favicon.ico ................................. ~ 0.02ms
  2026-01-30 13:31:03 /logout ...................................... ~ 0.14ms
  2026-01-30 13:31:03 / ............................................ ~ 0.03ms
  2026-01-30 13:31:03 /login ....................................... ~ 0.02ms
  2026-01-30 13:31:03 /images/login.png ............................ ~ 0.02ms
  2026-01-30 13:31:03 /favicon.ico ................................. ~ 0.03ms
  2026-01-30 14:10:49 /favicon.ico ................................. ~ 0.13ms
  2026-01-30 14:10:49 ............................................... ~ 1m 2s
  2026-01-30 14:59:10 / ................................................ ~ 3s
  2026-01-30 14:59:13 /login ....................................... ~ 0.03ms
  2026-01-30 14:59:13 /images/login.png ............................ ~ 0.04ms
  2026-01-30 14:59:13 /favicon.ico ................................. ~ 0.02ms
  2026-01-30 14:59:35 /login ....................................... ~ 0.08ms
  2026-01-30 14:59:35 / ............................................ ~ 0.03ms
  2026-01-30 14:59:35 /images/atendenteico.png ..................... ~ 0.03ms
  2026-01-30 14:59:35 /images/triagemico.png ....................... ~ 0.18ms
  2026-01-30 14:59:35 /images/graficoico.png ....................... ~ 0.02ms
  2026-01-30 14:59:35 /images/painel.png ........................... ~ 0.02ms
  2026-01-30 14:59:35 /images/painel_tickets.png ................... ~ 0.07ms
  2026-01-30 14:59:35 /favicon.ico ................................. ~ 0.03ms
  2026-01-30 14:59:39 /adminPanel ................................ ~ 500.39ms
  2026-01-30 14:59:39 /favicon.ico ................................. ~ 0.03ms
  2026-01-30 15:03:15 /painel ...................................... ~ 0.08ms
  2026-01-30 15:03:15 /painel/data ............................... ~ 500.32ms
  2026-01-30 15:03:15 /sounds/notification.mp3 ..................... ~ 0.04ms
  2026-01-30 15:03:17 /favicon.ico ................................. ~ 0.08ms
  2026-01-30 15:03:18 /painel/data ............................... ~ 500.27ms
  2026-01-30 15:03:21 /painel/data ................................. ~ 0.09ms
  2026-01-30 15:03:24 /painel/data ............................... ~ 500.36ms
  2026-01-30 15:03:27 /painel/data ................................. ~ 0.11ms
  2026-01-30 15:03:30 /favicon.ico ................................. ~ 0.10ms
  2026-01-30 15:03:30 /painel/data ............................... ~ 500.23ms
  2026-01-30 15:03:33 /painel/data ............................... ~ 500.43ms
  2026-01-30 15:03:36 /painel/data ............................... ~ 500.32ms
  2026-01-30 15:03:39 /painel/data ............................... ~ 500.25ms
  2026-01-30 15:03:42 /painel/data ............................... ~ 500.25ms
  2026-01-30 15:03:45 /painel/data ............................... ~ 500.31ms
  2026-01-30 15:03:47 /favicon.ico ................................. ~ 0.17ms
  2026-01-30 15:03:47 .............................................. ~ 1m 14s
  2026-01-30 15:05:38 /painel .................................... ~ 501.52ms
  2026-01-30 15:05:39 /painel/data ................................. ~ 0.03ms
  2026-01-30 15:05:39 /sounds/notification.mp3 ..................... ~ 0.03ms
  2026-01-30 15:05:39 /favicon.ico ................................. ~ 0.13ms
  2026-01-30 15:05:40 /favicon.ico ................................. ~ 0.13ms
  2026-01-30 15:05:42 /painel/data ................................. ~ 0.08ms
  2026-01-30 15:05:45 /painel/data ................................. ~ 0.09ms
  2026-01-30 15:05:48 /painel/data ................................. ~ 0.14ms
  2026-01-30 15:05:51 /painel/data ................................. ~ 0.13ms
  2026-01-30 15:05:54 /painel/data ................................. ~ 0.08ms
  2026-01-30 15:05:54 /login ....................................... ~ 0.03ms
  2026-01-30 15:05:54 / ............................................ ~ 0.25ms
  2026-01-30 15:05:54 /images/triagemico.png ....................... ~ 0.04ms
  2026-01-30 15:05:54 /images/atendenteico.png ..................... ~ 0.20ms
  2026-01-30 15:05:54 /images/graficoico.png ....................... ~ 0.15ms
  2026-01-30 15:05:54 /images/painel.png ........................... ~ 0.33ms
  2026-01-30 15:05:54 /images/painel_tickets.png ................... ~ 0.02ms
  2026-01-30 15:05:54 /favicon.ico ................................. ~ 0.02ms
  2026-01-30 15:05:57 /painel/data ................................. ~ 0.16ms
  2026-01-30 15:05:58 /queue/atendimento ........................... ~ 0.16ms
  2026-01-30 15:05:58 /queue/tickets/atendimento ................... ~ 0.42ms
  2026-01-30 15:05:58 /favicon.ico ................................. ~ 0.03ms
  2026-01-30 15:06:00 /painel/data ................................. ~ 0.16ms
  2026-01-30 15:05:59 /queue/triagem ............................. ~ 500.83ms
  2026-01-30 15:06:00 /queue/tickets/triagem ....................... ~ 0.69ms
  2026-01-30 15:06:00 /favicon.ico ................................. ~ 0.03ms
  2026-01-30 15:06:01 /ticket/take ................................. ~ 0.12ms
  2026-01-30 15:06:01 /images/regular.png .......................... ~ 0.04ms
  2026-01-30 15:06:01 /images/preferencial.png ..................... ~ 0.21ms
  2026-01-30 15:06:01 /images/bgticket.png ......................... ~ 0.09ms
  2026-01-30 15:06:01 /favicon.ico ................................. ~ 0.05ms
  2026-01-30 15:06:02 /ticket/take ................................. ~ 0.17ms
  2026-01-30 15:06:02 /ticket/6 .................................... ~ 0.05ms
  2026-01-30 15:06:03 /painel/data ................................. ~ 0.12ms
  2026-01-30 15:06:03 /images/bgticket.png ......................... ~ 2.08ms
  2026-01-30 15:06:05 /favicon.ico ................................. ~ 0.13ms
  2026-01-30 15:06:06 /painel/data ................................. ~ 0.12ms
  2026-01-30 15:06:07 /favicon.ico ................................. ~ 0.12ms
  2026-01-30 15:06:09 /painel/data ................................. ~ 0.08ms
  2026-01-30 15:06:11 /favicon.ico ................................. ~ 0.18ms
  2026-01-30 15:06:12 /painel/data ................................. ~ 0.12ms
  2026-01-30 15:06:11 /queue/triagem ................................... ~ 1s
  2026-01-30 15:06:13 /queue/tickets/triagem ....................... ~ 0.56ms
  2026-01-30 15:06:13 /favicon.ico ................................. ~ 0.03ms
  2026-01-30 15:06:15 /painel/data ................................. ~ 0.12ms
  2026-01-30 15:06:18 /painel/data ................................. ~ 0.74ms
  2026-01-30 15:06:18 /queue/tickets/triagem ....................... ~ 0.03ms
  2026-01-30 15:06:21 /painel/data ................................. ~ 0.15ms
  2026-01-30 15:06:23 /queue/tickets/triagem ....................... ~ 0.12ms
  2026-01-30 15:06:24 /painel/data ................................. ~ 0.13ms
  2026-01-30 15:06:27 /painel/data ................................. ~ 0.16ms
  2026-01-30 15:06:28 /queue/tickets/triagem ....................... ~ 0.09ms
  2026-01-30 15:06:30 /painel/data ................................. ~ 0.19ms
  2026-01-30 15:06:33 /painel/data ................................. ~ 0.15ms
  2026-01-30 15:06:33 /queue/tickets/triagem ....................... ~ 0.07ms
  2026-01-30 15:06:36 /painel/data ................................. ~ 0.08ms
  2026-01-30 15:06:38 /queue/tickets/triagem ....................... ~ 0.07ms
  2026-01-30 15:06:38 /queue/triagem/call .......................... ~ 0.09ms
  2026-01-30 15:06:38 /queue/triagem ............................... ~ 0.29ms
  2026-01-30 15:06:38 /queue/tickets/triagem ....................... ~ 0.02ms
  2026-01-30 15:06:38 /favicon.ico ................................. ~ 0.02ms
  2026-01-30 15:06:39 /painel/data ............................... ~ 502.14ms
  2026-01-30 15:06:42 /painel/data ............................... ~ 500.34ms
  2026-01-30 15:06:43 /queue/tickets/triagem ....................... ~ 0.15ms
  2026-01-30 15:06:45 /painel/data ............................... ~ 500.31ms
  2026-01-30 15:06:48 /painel/data ............................... ~ 500.28ms
  2026-01-30 15:06:48 /queue/tickets/triagem ....................... ~ 0.18ms
  2026-01-30 15:06:51 /painel/data ............................... ~ 500.33ms
  2026-01-30 15:06:51 /queue/6/advance ............................. ~ 0.04ms
  2026-01-30 15:06:51 /queue/triagem ............................... ~ 2.73ms
  2026-01-30 15:06:51 /queue/tickets/triagem ....................... ~ 0.02ms
  2026-01-30 15:06:51 /favicon.ico ................................. ~ 0.02ms
  2026-01-30 15:06:54 /painel/data ............................... ~ 500.24ms
  2026-01-30 15:06:53 /ticket/take ..................................... ~ 2s
  2026-01-30 15:06:55 /images/regular.png .......................... ~ 1.11ms
  2026-01-30 15:06:55 /images/preferencial.png ..................... ~ 0.04ms
  2026-01-30 15:06:55 /images/bgticket.png ......................... ~ 0.02ms
  2026-01-30 15:06:56 /favicon.ico ................................. ~ 0.12ms
  2026-01-30 15:06:57 /ticket/take ............................... ~ 500.39ms
  2026-01-30 15:06:57 /painel/data ................................. ~ 2.30ms
  2026-01-30 15:06:57 /ticket/7 .................................. ~ 503.42ms
  2026-01-30 15:06:57 /images/bgticket.png ......................... ~ 0.03ms
  2026-01-30 15:06:58 /favicon.ico ................................. ~ 0.14ms
  2026-01-30 15:07:00 /painel/data ................................. ~ 0.07ms
  2026-01-30 15:07:02 /ticket/take ................................. ~ 0.10ms
  2026-01-30 15:07:02 /images/regular.png .......................... ~ 0.38ms
  2026-01-30 15:07:02 /images/preferencial.png ..................... ~ 0.02ms
  2026-01-30 15:07:02 /images/bgticket.png ......................... ~ 0.02ms
  2026-01-30 15:07:02 /favicon.ico ................................. ~ 0.02ms
  2026-01-30 15:07:03 /painel/data ............................... ~ 500.37ms
  2026-01-30 15:07:06 /painel/data ............................... ~ 500.38ms
  2026-01-30 15:07:05 /favicon.ico ..................................... ~ 1s
  2026-01-30 15:07:05 /favicon.ico ..................................... ~ 1s
  2026-01-30 15:07:09 /painel/data ............................... ~ 500.39ms
  2026-01-30 15:07:06 /queue/triagem ................................... ~ 2s
  2026-01-30 15:07:09 /queue/tickets/triagem ....................... ~ 0.46ms
  2026-01-30 15:07:09 /favicon.ico ................................. ~ 0.03ms
  2026-01-30 15:07:12 /painel/data ................................. ~ 0.09ms
  2026-01-30 15:07:12 /queue/triagem/call ........................ ~ 500.68ms
  2026-01-30 15:07:12 /queue/triagem ............................. ~ 500.75ms
  2026-01-30 15:07:12 /queue/tickets/triagem ....................... ~ 0.03ms
  2026-01-30 15:07:12 /favicon.ico ................................. ~ 0.02ms
  2026-01-30 15:07:15 /painel/data ................................. ~ 0.08ms
  2026-01-30 15:07:17 /queue/tickets/triagem ....................... ~ 0.48ms
  2026-01-30 15:07:18 /painel/data ................................. ~ 0.07ms
  2026-01-30 15:07:21 /painel/data ................................. ~ 0.08ms
  2026-01-30 15:07:21 /queue/recall/7 .............................. ~ 0.09ms
  2026-01-30 15:07:21 /queue/triagem ............................... ~ 0.32ms
  2026-01-30 15:07:22 /queue/tickets/triagem ....................... ~ 0.02ms
  2026-01-30 15:07:22 /favicon.ico ................................. ~ 0.03ms
  2026-01-30 15:07:24 /painel/data ................................. ~ 0.07ms
  2026-01-30 15:07:27 /painel/data ................................. ~ 0.08ms
  2026-01-30 15:07:27 /queue/tickets/triagem ..................... ~ 500.49ms
  2026-01-30 15:07:29 /queue/recall/7 .............................. ~ 0.08ms
  2026-01-30 15:07:29 /queue/triagem ............................... ~ 0.03ms
  2026-01-30 15:07:29 /queue/tickets/triagem ....................... ~ 0.02ms
  2026-01-30 15:07:29 /favicon.ico ................................. ~ 0.03ms
  2026-01-30 15:07:30 /painel/data ................................. ~ 0.02ms
  2026-01-30 15:07:33 /painel/data ................................. ~ 0.17ms
  2026-01-30 15:07:34 /queue/tickets/triagem ....................... ~ 0.15ms
  2026-01-30 15:07:36 /painel/data ................................. ~ 0.08ms
  2026-01-30 15:07:39 /painel/data ................................. ~ 0.09ms
  2026-01-30 15:07:39 /queue/tickets/triagem ....................... ~ 0.16ms
  2026-01-30 15:07:40 /queue/recall/7 .............................. ~ 0.10ms
  2026-01-30 15:07:40 /queue/triagem ............................... ~ 0.35ms
  2026-01-30 15:07:40 /queue/tickets/triagem ....................... ~ 0.03ms
  2026-01-30 15:07:41 /favicon.ico ................................. ~ 0.03ms
  2026-01-30 15:07:42 /painel/data ................................. ~ 0.13ms
  2026-01-30 15:07:44 /queue/recall/7 ............................ ~ 500.41ms
  2026-01-30 15:07:44 /queue/triagem ............................. ~ 500.65ms
  2026-01-30 15:07:44 /queue/tickets/triagem ....................... ~ 0.03ms
  2026-01-30 15:07:44 /favicon.ico ................................. ~ 0.03ms
  2026-01-30 15:07:45 /painel/data ................................. ~ 0.15ms
  2026-01-30 15:07:48 /painel/data ................................. ~ 0.13ms
  2026-01-30 15:07:49 /queue/tickets/triagem ....................... ~ 0.09ms
  2026-01-30 15:07:51 /painel/data ................................. ~ 0.07ms
  2026-01-30 15:07:54 /painel/data ................................. ~ 0.08ms
  2026-01-30 15:07:54 /queue/tickets/triagem ....................... ~ 0.15ms
  2026-01-30 15:07:57 /painel/data ................................. ~ 0.07ms
  2026-01-30 15:07:59 /queue/tickets/triagem ....................... ~ 0.14ms
  2026-01-30 15:08:00 /painel/data ................................. ~ 0.15ms
  2026-01-30 15:08:00 /queue/triagem/call .......................... ~ 0.16ms
  2026-01-30 15:08:00 /queue/triagem ............................... ~ 0.43ms
  2026-01-30 15:08:00 /queue/tickets/triagem ....................... ~ 0.03ms
  2026-01-30 15:08:01 /favicon.ico ................................. ~ 0.03ms
  2026-01-30 15:08:03 /painel/data ................................. ~ 0.10ms
  2026-01-30 15:08:05 /queue/tickets/triagem ....................... ~ 0.09ms
  2026-01-30 15:08:06 /painel/data ................................. ~ 0.03ms
  2026-01-30 15:08:09 /painel/data ................................. ~ 0.14ms
  2026-01-30 15:08:10 /queue/tickets/triagem ....................... ~ 0.13ms
  2026-01-30 15:08:12 /painel/data ................................. ~ 0.07ms
  2026-01-30 15:08:15 /painel/data ................................. ~ 0.08ms
  2026-01-30 15:08:15 /queue/7/advance ........................... ~ 500.42ms
  2026-01-30 15:08:15 /queue/triagem ............................. ~ 500.95ms
  2026-01-30 15:08:15 /queue/tickets/triagem ....................... ~ 0.03ms
  2026-01-30 15:08:15 /favicon.ico ................................. ~ 0.04ms
  2026-01-30 15:08:17 /queue/atendimento ......................... ~ 500.38ms
  2026-01-30 15:08:17 /queue/tickets/atendimento ................... ~ 0.03ms
  2026-01-30 15:08:17 /favicon.ico ................................. ~ 0.03ms
  2026-01-30 15:08:18 /painel/data ................................. ~ 0.06ms
  2026-01-30 15:08:20 /queue/atendimento/call .................... ~ 500.47ms
  2026-01-30 15:08:20 /queue/atendimento ......................... ~ 500.84ms
  2026-01-30 15:08:20 /queue/tickets/atendimento ................... ~ 0.03ms
  2026-01-30 15:08:20 /favicon.ico ................................. ~ 2.47ms
  2026-01-30 15:08:21 /painel/data ................................. ~ 0.03ms
  2026-01-30 15:08:24 /painel/data ................................. ~ 0.12ms
  2026-01-30 15:08:25 /queue/tickets/atendimento ................... ~ 0.12ms
  2026-01-30 15:08:26 /queue/6/finish ............................ ~ 500.40ms
  2026-01-30 15:08:26 /queue/atendimento ......................... ~ 500.88ms
  2026-01-30 15:08:26 /queue/tickets/atendimento ................... ~ 0.03ms
  2026-01-30 15:08:27 /favicon.ico ................................. ~ 0.03ms
  2026-01-30 15:08:27 /painel/data ................................. ~ 0.02ms
  2026-01-30 15:08:28 /queue/atendimento/call ...................... ~ 0.07ms
  2026-01-30 15:08:28 /queue/atendimento ........................... ~ 0.04ms
  2026-01-30 15:08:28 /queue/tickets/atendimento ................. ~ 500.30ms
  2026-01-30 15:08:28 /favicon.ico ................................. ~ 0.08ms
  2026-01-30 15:08:30 /painel/data ................................. ~ 0.15ms
  2026-01-30 15:08:33 /painel/data ................................. ~ 0.28ms
  2026-01-30 15:08:33 /queue/tickets/atendimento ................. ~ 500.30ms
  2026-01-30 15:08:34 /queue/7/finish .............................. ~ 0.12ms
  2026-01-30 15:08:34 /queue/atendimento ........................... ~ 0.06ms
  2026-01-30 15:08:34 /queue/tickets/atendimento ................... ~ 0.03ms
  2026-01-30 15:08:34 /favicon.ico ................................. ~ 0.02ms
  2026-01-30 15:08:36 /painel/data ................................. ~ 0.14ms
  2026-01-30 15:08:39 /painel/data ................................. ~ 0.21ms
  2026-01-30 15:08:39 /queue/tickets/atendimento ................... ~ 0.07ms
  2026-01-30 15:08:42 /painel/data ................................. ~ 0.07ms
  2026-01-30 15:08:42 /ticket/take ................................. ~ 0.07ms
  2026-01-30 15:08:42 /images/regular.png .......................... ~ 0.04ms
  2026-01-30 15:08:42 /images/preferencial.png ..................... ~ 0.21ms
  2026-01-30 15:08:42 /images/bgticket.png ....................... ~ 500.42ms
  2026-01-30 15:08:42 /favicon.ico ................................. ~ 0.06ms
  2026-01-30 15:08:43 /ticket/take ................................. ~ 0.08ms
  2026-01-30 15:08:43 /ticket/8 .................................... ~ 0.33ms
  2026-01-30 15:08:43 /images/bgticket.png ....................... ~ 500.33ms
  2026-01-30 15:08:45 /painel/data ................................. ~ 0.12ms
  2026-01-30 15:08:46 /favicon.ico ................................. ~ 0.17ms
  2026-01-30 15:08:47 /favicon.ico ................................. ~ 0.17ms
  2026-01-30 15:08:48 /painel/data ................................. ~ 0.03ms
  2026-01-30 15:08:48 /favicon.ico ................................. ~ 0.08ms
  2026-01-30 15:08:48 /queue/triagem ................................... ~ 1s
  2026-01-30 15:08:49 /queue/tickets/triagem ..................... ~ 500.23ms
  2026-01-30 15:08:49 /favicon.ico ................................. ~ 0.03ms
  2026-01-30 15:08:50 /queue/triagem/call .......................... ~ 0.07ms
  2026-01-30 15:08:50 /queue/triagem ............................. ~ 500.63ms
  2026-01-30 15:08:50 /queue/tickets/triagem ....................... ~ 0.07ms
  2026-01-30 15:08:50 /favicon.ico ................................. ~ 0.05ms
  2026-01-30 15:08:51 /painel/data ................................. ~ 0.03ms
  2026-01-30 15:08:54 /painel/data ................................. ~ 0.16ms
  2026-01-30 15:08:55 /queue/tickets/triagem ....................... ~ 0.36ms
  2026-01-30 15:08:57 /painel/data ................................. ~ 0.12ms
  2026-01-30 15:09:00 /painel/data ................................. ~ 0.13ms
  2026-01-30 15:09:00 /queue/tickets/triagem ....................... ~ 0.13ms
  2026-01-30 15:09:03 /painel/data ................................. ~ 0.16ms
  2026-01-30 15:09:05 /queue/tickets/triagem ....................... ~ 0.14ms
  2026-01-30 15:09:06 /painel/data ................................. ~ 0.06ms
  2026-01-30 15:09:09 /painel/data ................................. ~ 0.09ms
  2026-01-30 15:09:10 /queue/tickets/triagem ....................... ~ 0.08ms
  2026-01-30 15:09:12 /painel/data ................................. ~ 0.13ms
  2026-01-30 15:09:15 /painel/data ................................. ~ 0.13ms
  2026-01-30 15:09:15 /queue/tickets/triagem ....................... ~ 0.10ms
  2026-01-30 15:09:18 /painel/data ................................. ~ 0.08ms
  2026-01-30 15:09:20 /queue/tickets/triagem ....................... ~ 0.16ms
  2026-01-30 15:09:21 /painel/data ................................. ~ 2.33ms
  2026-01-30 15:09:24 /painel/data ................................. ~ 0.13ms
  2026-01-30 15:09:25 /queue/tickets/triagem ....................... ~ 0.14ms
  2026-01-30 15:09:27 /painel/data ................................. ~ 0.15ms
  2026-01-30 15:09:30 /painel/data ................................. ~ 0.13ms
  2026-01-30 15:09:30 /queue/tickets/triagem ....................... ~ 0.13ms
  2026-01-30 15:09:33 /painel/data ................................. ~ 0.08ms
  2026-01-30 15:09:35 /queue/tickets/triagem ....................... ~ 0.13ms
  2026-01-30 15:09:36 /painel/data ................................. ~ 0.06ms
  2026-01-30 15:09:39 /painel/data ................................. ~ 0.09ms
  2026-01-30 15:09:40 /queue/tickets/triagem ....................... ~ 0.13ms
  2026-01-30 15:09:42 /painel/data ................................. ~ 0.07ms
  2026-01-30 15:09:45 /painel/data ................................. ~ 0.09ms
  2026-01-30 15:09:45 /queue/tickets/triagem ....................... ~ 0.07ms
  2026-01-30 15:09:48 /painel/data ................................. ~ 0.14ms
  2026-01-30 15:09:50 /queue/tickets/triagem ....................... ~ 0.08ms
  2026-01-30 15:09:51 /painel/data ................................. ~ 0.02ms
  2026-01-30 15:09:54 /painel/data ................................. ~ 0.07ms
  2026-01-30 15:09:55 /queue/tickets/triagem ..................... ~ 500.31ms
  2026-01-30 15:09:57 /painel/data ................................. ~ 0.13ms
  2026-01-30 15:10:00 /painel/data ................................. ~ 0.08ms
  2026-01-30 15:10:00 /queue/tickets/triagem ..................... ~ 500.31ms
  2026-01-30 15:10:03 /painel/data ................................. ~ 0.12ms
  2026-01-30 15:10:05 /queue/tickets/triagem ..................... ~ 500.26ms
  2026-01-30 15:10:06 /painel/data ................................. ~ 0.04ms
  2026-01-30 15:10:09 /painel/data ................................. ~ 0.14ms
  2026-01-30 15:10:10 /queue/tickets/triagem ..................... ~ 501.68ms
  2026-01-30 15:10:12 /painel/data ................................. ~ 0.12ms
  2026-01-30 15:10:15 /painel/data ................................. ~ 0.08ms
  2026-01-30 15:10:15 /queue/tickets/triagem ..................... ~ 500.33ms
  2026-01-30 15:10:18 /painel/data ................................. ~ 0.07ms
  2026-01-30 15:10:20 /queue/tickets/triagem ..................... ~ 500.36ms
  2026-01-30 15:10:21 /painel/data ................................. ~ 0.09ms
  2026-01-30 15:10:24 /painel/data ................................. ~ 0.12ms
  2026-01-30 15:10:25 /queue/tickets/triagem ..................... ~ 500.35ms
  2026-01-30 15:10:27 /painel/data ................................. ~ 0.10ms
  2026-01-30 15:10:30 /painel/data ................................. ~ 0.07ms
  2026-01-30 15:10:30 /queue/tickets/triagem ..................... ~ 500.30ms
  2026-01-30 15:10:33 /painel/data ................................. ~ 0.08ms
  2026-01-30 15:10:35 /queue/tickets/triagem ..................... ~ 500.23ms
  2026-01-30 15:10:36 /painel/data ................................. ~ 0.04ms
  2026-01-30 15:10:39 /painel/data ................................. ~ 0.16ms
  2026-01-30 15:10:40 /queue/tickets/triagem ..................... ~ 500.33ms
  2026-01-30 15:10:42 /painel/data ................................. ~ 0.13ms
  2026-01-30 15:10:45 /painel/data ................................. ~ 0.16ms
  2026-01-30 15:10:45 /queue/tickets/triagem ....................... ~ 0.07ms
  2026-01-30 15:10:48 /painel/data ................................. ~ 0.09ms
  2026-01-30 15:10:50 /queue/tickets/triagem ....................... ~ 0.07ms
  2026-01-30 15:10:51 /painel/data ................................. ~ 0.11ms
  2026-01-30 15:10:54 /painel/data ................................. ~ 0.13ms
  2026-01-30 15:10:55 /queue/tickets/triagem ....................... ~ 0.06ms
  2026-01-30 15:10:57 /painel/data ................................. ~ 0.14ms
  2026-01-30 15:11:00 /painel/data ................................. ~ 0.13ms
  2026-01-30 15:11:00 /queue/tickets/triagem ..................... ~ 500.34ms
  2026-01-30 15:11:03 /painel/data ................................. ~ 0.12ms
  2026-01-30 15:11:05 /queue/tickets/triagem ....................... ~ 0.08ms
  2026-01-30 15:11:06 /painel/data ................................. ~ 0.08ms
  2026-01-30 15:11:09 /painel/data ................................. ~ 0.16ms
  2026-01-30 15:11:10 /queue/tickets/triagem ....................... ~ 0.08ms
  2026-01-30 15:11:12 /painel/data ................................. ~ 0.15ms
  2026-01-30 15:11:15 /painel/data ................................. ~ 0.10ms
  2026-01-30 15:11:15 /queue/tickets/triagem ..................... ~ 500.32ms
  2026-01-30 15:11:18 /painel/data ................................. ~ 0.13ms
  2026-01-30 15:11:20 /queue/tickets/triagem ..................... ~ 500.44ms
  2026-01-30 15:11:21 /painel/data ................................. ~ 0.03ms
  2026-01-30 15:11:24 /painel/data ................................. ~ 0.15ms
  2026-01-30 15:11:25 /queue/tickets/triagem ....................... ~ 0.09ms
  2026-01-30 15:11:27 /painel/data ................................. ~ 0.15ms
  2026-01-30 15:11:30 /painel/data ................................. ~ 0.09ms
  2026-01-30 15:11:30 /queue/tickets/triagem ....................... ~ 0.09ms
  2026-01-30 15:11:33 /painel/data ................................. ~ 0.15ms
  2026-01-30 15:11:35 /queue/tickets/triagem ....................... ~ 0.10ms
  2026-01-30 15:11:36 /painel/data ................................. ~ 0.12ms
  2026-01-30 15:11:39 /painel/data ................................. ~ 0.11ms
  2026-01-30 15:11:40 /queue/tickets/triagem ....................... ~ 0.14ms
  2026-01-30 15:11:42 /painel/data ................................. ~ 0.07ms
  2026-01-30 15:11:45 /painel/data ................................. ~ 0.16ms
  2026-01-30 15:11:45 /queue/tickets/triagem ....................... ~ 0.07ms
  2026-01-30 15:11:48 /painel/data ................................. ~ 0.17ms
  2026-01-30 15:11:50 /queue/tickets/triagem ....................... ~ 0.08ms
  2026-01-30 15:11:51 /painel/data ................................. ~ 0.14ms
  2026-01-30 15:11:54 /painel/data ................................. ~ 0.13ms
  2026-01-30 15:11:55 /queue/tickets/triagem ....................... ~ 0.51ms
  2026-01-30 15:11:57 /painel/data ................................. ~ 0.09ms
  2026-01-30 15:12:00 /painel/data ................................. ~ 0.10ms
  2026-01-30 15:12:00 /queue/tickets/triagem ....................... ~ 0.07ms
  2026-01-30 15:12:03 /painel/data ................................. ~ 0.08ms
  2026-01-30 15:12:05 /queue/tickets/triagem ....................... ~ 0.08ms
  2026-01-30 15:12:06 /painel/data ................................. ~ 0.14ms
  2026-01-30 15:12:09 /painel/data ................................. ~ 0.08ms
  2026-01-30 15:12:10 /queue/tickets/triagem ....................... ~ 0.15ms
  2026-01-30 15:12:12 /painel/data ................................. ~ 0.08ms
  2026-01-30 15:12:15 /painel/data ................................. ~ 0.10ms
  2026-01-30 15:12:15 /queue/tickets/triagem ....................... ~ 0.06ms
  2026-01-30 15:12:18 /painel/data ................................. ~ 0.15ms
  2026-01-30 15:12:20 /queue/tickets/triagem ....................... ~ 0.08ms
  2026-01-30 15:12:21 /painel/data ................................. ~ 0.08ms
  2026-01-30 15:12:24 /painel/data ................................. ~ 0.16ms
  2026-01-30 15:12:25 /queue/tickets/triagem ....................... ~ 0.09ms
  2026-01-30 15:12:27 /painel/data ................................. ~ 0.09ms
  2026-01-30 15:12:30 /painel/data ................................. ~ 0.09ms
  2026-01-30 15:12:30 /queue/tickets/triagem ....................... ~ 0.07ms
  2026-01-30 15:12:33 /painel/data ................................. ~ 0.14ms
  2026-01-30 15:12:35 /queue/tickets/triagem ....................... ~ 0.16ms
  2026-01-30 15:12:36 /painel/data ................................. ~ 0.16ms
  2026-01-30 15:12:39 /painel/data ................................. ~ 0.15ms
  2026-01-30 15:12:40 /queue/tickets/triagem ....................... ~ 0.14ms
  2026-01-30 15:12:42 /painel/data ................................. ~ 0.17ms
  2026-01-30 15:12:45 /painel/data ................................. ~ 0.17ms
  2026-01-30 15:12:45 /queue/tickets/triagem ....................... ~ 0.15ms
  2026-01-30 15:12:48 /painel/data ................................. ~ 0.17ms
  2026-01-30 15:12:50 /queue/tickets/triagem ....................... ~ 0.17ms
  2026-01-30 15:12:51 /painel/data ................................. ~ 0.15ms
  2026-01-30 15:12:54 /painel/data ................................. ~ 0.15ms
  2026-01-30 15:12:55 /queue/tickets/triagem ....................... ~ 0.09ms
  2026-01-30 15:12:57 /painel/data ................................. ~ 0.15ms
  2026-01-30 15:13:00 /painel/data ................................. ~ 0.16ms
  2026-01-30 15:13:00 /queue/tickets/triagem ....................... ~ 0.09ms
  2026-01-30 15:13:03 /painel/data ................................. ~ 0.18ms
  2026-01-30 15:13:05 /queue/tickets/triagem ....................... ~ 0.09ms
  2026-01-30 15:13:06 /painel/data ................................. ~ 0.13ms
  2026-01-30 15:13:09 /painel/data ................................. ~ 0.16ms
  2026-01-30 15:13:10 /queue/tickets/triagem ....................... ~ 0.14ms
  2026-01-30 15:13:12 /painel/data ................................. ~ 0.13ms
  2026-01-30 15:13:15 /painel/data ................................. ~ 0.13ms
  2026-01-30 15:13:15 /queue/tickets/triagem ....................... ~ 0.12ms
  2026-01-30 15:13:18 /painel/data ................................. ~ 0.08ms
  2026-01-30 15:13:20 /queue/tickets/triagem ....................... ~ 0.16ms
  2026-01-30 15:13:21 /painel/data ................................. ~ 0.14ms
  2026-01-30 15:13:24 /painel/data ................................. ~ 0.09ms
  2026-01-30 15:13:25 /queue/tickets/triagem ....................... ~ 0.07ms
  2026-01-30 15:13:27 /painel/data ................................. ~ 0.19ms
  2026-01-30 15:13:30 /painel/data ................................. ~ 0.16ms
  2026-01-30 15:13:30 /queue/tickets/triagem ....................... ~ 0.13ms
  2026-01-30 15:13:33 /painel/data ................................. ~ 0.13ms
  2026-01-30 15:13:35 /queue/tickets/triagem ....................... ~ 0.10ms
  2026-01-30 15:13:36 /painel/data ................................. ~ 0.13ms
  2026-01-30 15:13:39 /painel/data ................................. ~ 0.09ms
  2026-01-30 15:13:40 /queue/tickets/triagem ....................... ~ 0.12ms
  2026-01-30 15:13:42 /painel/data ................................. ~ 0.08ms
  2026-01-30 15:13:45 /painel/data ................................. ~ 0.13ms
  2026-01-30 15:13:45 /queue/tickets/triagem ....................... ~ 0.06ms
  2026-01-30 15:13:48 /painel/data ................................. ~ 0.17ms
  2026-01-30 15:13:50 /queue/tickets/triagem ....................... ~ 0.14ms
  2026-01-30 15:13:51 /painel/data ................................. ~ 0.17ms
  2026-01-30 15:13:54 /painel/data ................................. ~ 0.13ms
  2026-01-30 15:13:55 /queue/tickets/triagem ....................... ~ 0.13ms
  2026-01-30 15:13:57 /painel/data ................................. ~ 0.08ms
  2026-01-30 15:14:00 /painel/data ................................. ~ 0.08ms
  2026-01-30 15:14:00 /queue/tickets/triagem ....................... ~ 0.11ms
  2026-01-30 15:14:03 /painel/data ................................. ~ 0.14ms
  2026-01-30 15:14:05 /queue/tickets/triagem ....................... ~ 0.08ms
  2026-01-30 15:14:06 /painel/data ................................. ~ 0.12ms
  2026-01-30 15:14:09 /painel/data ................................. ~ 0.09ms
  2026-01-30 15:14:10 /queue/tickets/triagem ....................... ~ 0.12ms
  2026-01-30 15:14:12 /painel/data ................................. ~ 0.11ms
  2026-01-30 15:14:15 /painel/data ................................. ~ 0.09ms
  2026-01-30 15:14:15 /queue/tickets/triagem ....................... ~ 0.12ms
  2026-01-30 15:14:18 /painel/data ................................. ~ 0.13ms
  2026-01-30 15:14:20 /queue/tickets/triagem ....................... ~ 0.08ms
  2026-01-30 15:14:21 /painel/data ................................. ~ 0.12ms
  2026-01-30 15:14:24 /painel/data ................................. ~ 0.13ms
  2026-01-30 15:14:25 /queue/tickets/triagem ....................... ~ 0.08ms
  2026-01-30 15:14:27 /painel/data ................................. ~ 0.08ms
  2026-01-30 15:14:30 /painel/data ................................. ~ 0.18ms
  2026-01-30 15:14:30 /queue/tickets/triagem ....................... ~ 0.07ms
  2026-01-30 15:14:33 /painel/data ................................. ~ 0.08ms
  2026-01-30 15:14:35 /queue/tickets/triagem ....................... ~ 0.08ms
  2026-01-30 15:14:36 /painel/data ................................. ~ 0.14ms
  2026-01-30 15:14:39 /painel/data ................................. ~ 0.08ms
  2026-01-30 15:14:40 /queue/tickets/triagem ....................... ~ 0.13ms
  2026-01-30 15:14:42 /painel/data ................................. ~ 0.13ms
  2026-01-30 15:14:45 /painel/data ................................. ~ 0.13ms
  2026-01-30 15:14:45 /queue/tickets/triagem ....................... ~ 0.14ms
  2026-01-30 15:14:48 /painel/data ................................. ~ 0.09ms
  2026-01-30 15:14:50 /queue/tickets/triagem ....................... ~ 0.08ms
  2026-01-30 15:14:51 /painel/data ................................. ~ 0.13ms
  2026-01-30 15:14:54 /painel/data ................................. ~ 0.13ms
  2026-01-30 15:14:55 /queue/tickets/triagem ....................... ~ 0.13ms
  2026-01-30 15:14:57 /painel/data ................................. ~ 0.13ms
  2026-01-30 15:15:00 /painel/data ................................. ~ 0.13ms
  2026-01-30 15:15:00 /queue/tickets/triagem ....................... ~ 0.08ms
  2026-01-30 15:15:03 /painel/data ................................. ~ 0.18ms
  2026-01-30 15:15:05 /queue/tickets/triagem ....................... ~ 0.13ms
  2026-01-30 15:15:06 /painel/data ................................. ~ 0.13ms
  2026-01-30 15:15:09 /painel/data ................................. ~ 0.18ms
  2026-01-30 15:15:10 /queue/tickets/triagem ....................... ~ 0.15ms
  2026-01-30 15:15:12 /painel/data ................................. ~ 0.16ms
  2026-01-30 15:15:15 /painel/data ................................. ~ 0.14ms
  2026-01-30 15:15:15 /queue/tickets/triagem ....................... ~ 0.12ms
  2026-01-30 15:15:18 /painel/data ................................. ~ 0.10ms
  2026-01-30 15:15:20 /queue/tickets/triagem ....................... ~ 0.08ms
  2026-01-30 15:15:21 /painel/data ................................. ~ 0.08ms
  2026-01-30 15:15:24 /painel/data ................................. ~ 0.13ms
  2026-01-30 15:15:26 /queue/tickets/triagem ....................... ~ 0.19ms
  2026-01-30 15:15:27 /painel/data ................................. ~ 0.12ms
  2026-01-30 15:15:30 /painel/data ................................. ~ 0.15ms
  2026-01-30 15:15:31 /queue/tickets/triagem ....................... ~ 0.13ms
  2026-01-30 15:15:33 /painel/data ................................. ~ 0.12ms
  2026-01-30 15:15:36 /painel/data ................................. ~ 0.14ms
  2026-01-30 15:15:36 /queue/tickets/triagem ....................... ~ 0.11ms
  2026-01-30 15:15:39 /painel/data ................................. ~ 0.12ms
  2026-01-30 15:15:41 /queue/tickets/triagem ....................... ~ 0.09ms
  2026-01-30 15:15:42 /painel/data ................................. ~ 0.08ms
  2026-01-30 15:15:45 /painel/data ................................. ~ 0.08ms
  2026-01-30 15:15:46 /queue/tickets/triagem ....................... ~ 0.18ms
  2026-01-30 15:15:48 /painel/data ................................. ~ 0.09ms
  2026-01-30 15:15:51 /painel/data ................................. ~ 0.13ms
  2026-01-30 15:15:51 /queue/tickets/triagem ....................... ~ 0.12ms
  2026-01-30 15:15:54 /painel/data ................................. ~ 0.13ms
  2026-01-30 15:15:56 /queue/tickets/triagem ....................... ~ 0.13ms
  2026-01-30 15:15:57 /painel/data ................................. ~ 0.46ms
  2026-01-30 15:16:00 /painel/data ................................. ~ 0.13ms
  2026-01-30 15:16:01 /queue/tickets/triagem ....................... ~ 0.15ms
  2026-01-30 15:16:03 /painel/data ................................. ~ 0.13ms
  2026-01-30 15:16:06 /painel/data ................................. ~ 0.15ms
  2026-01-30 15:16:06 /queue/tickets/triagem ....................... ~ 0.16ms
  2026-01-30 15:16:09 /painel/data ................................. ~ 0.35ms
  2026-01-30 15:16:11 /queue/tickets/triagem ....................... ~ 0.07ms
  2026-01-30 15:16:12 /painel/data ................................. ~ 0.12ms
  2026-01-30 15:16:15 /painel/data ................................. ~ 0.13ms
  2026-01-30 15:16:16 /queue/tickets/triagem ....................... ~ 0.16ms
  2026-01-30 15:16:18 /painel/data ................................. ~ 0.51ms
  2026-01-30 15:16:21 /painel/data ................................. ~ 0.16ms
  2026-01-30 15:16:21 /queue/tickets/triagem ....................... ~ 0.14ms
  2026-01-30 15:16:24 /painel/data ............................... ~ 500.32ms
  2026-01-30 15:16:27 /painel/data ............................... ~ 500.33ms
  2026-01-30 15:16:30 /painel/data ............................... ~ 500.32ms
  2026-01-30 15:16:33 /painel/data ............................... ~ 500.33ms
  2026-01-30 15:16:36 /painel/data ............................... ~ 500.33ms
  2026-01-30 15:16:36 /queue/tickets/triagem ....................... ~ 0.07ms
  2026-01-30 15:16:39 /painel/data ............................... ~ 500.39ms
  2026-01-30 15:16:40 /queue/tickets/triagem ....................... ~ 0.15ms
  2026-01-30 15:16:42 /painel/data ............................... ~ 500.35ms
  2026-01-30 15:16:45 /painel/data ............................... ~ 500.41ms
  2026-01-30 15:16:45 /queue/tickets/triagem ....................... ~ 0.15ms
  2026-01-30 15:16:48 /painel/data ............................... ~ 500.38ms
  2026-01-30 15:16:50 /queue/tickets/triagem ....................... ~ 0.09ms
  2026-01-30 15:16:51 /painel/data ............................... ~ 500.33ms
  2026-01-30 15:16:54 /painel/data ............................... ~ 500.32ms
  2026-01-30 15:16:55 /queue/tickets/triagem ....................... ~ 0.15ms
  2026-01-30 15:16:57 /painel/data ............................... ~ 500.36ms
  2026-01-30 15:17:00 /painel/data ............................... ~ 500.34ms
  2026-01-30 15:17:00 /queue/tickets/triagem ....................... ~ 0.14ms
  2026-01-30 15:17:03 /painel/data ............................... ~ 500.35ms
  2026-01-30 15:17:05 /queue/tickets/triagem ....................... ~ 0.08ms
  2026-01-30 15:17:06 /painel/data ................................. ~ 0.03ms
  2026-01-30 15:17:09 /painel/data ............................... ~ 500.33ms
  2026-01-30 15:17:10 /queue/tickets/triagem ....................... ~ 0.13ms
  2026-01-30 15:17:12 /painel/data ............................... ~ 500.31ms
  2026-01-30 15:17:15 /painel/data ............................... ~ 500.40ms
  2026-01-30 15:17:15 /queue/tickets/triagem ....................... ~ 0.15ms
  2026-01-30 15:17:18 /painel/data ............................... ~ 500.32ms
  2026-01-30 15:17:20 /queue/tickets/triagem ....................... ~ 0.08ms
  2026-01-30 15:17:21 /painel/data ............................... ~ 500.38ms
  2026-01-30 15:17:24 /painel/data ................................. ~ 0.14ms
  2026-01-30 15:17:25 /queue/tickets/triagem ....................... ~ 0.07ms
  2026-01-30 15:17:27 /painel/data ................................. ~ 0.08ms
  2026-01-30 15:17:30 /painel/data ............................... ~ 500.36ms
  2026-01-30 15:17:30 /queue/tickets/triagem ....................... ~ 0.11ms
  2026-01-30 15:17:33 /painel/data ................................. ~ 0.09ms
  2026-01-30 15:17:35 /queue/tickets/triagem ....................... ~ 0.09ms
  2026-01-30 15:17:36 /painel/data ............................... ~ 500.31ms
  2026-01-30 15:17:39 /painel/data ................................. ~ 0.07ms
  2026-01-30 15:17:40 /queue/tickets/triagem ....................... ~ 0.13ms
  2026-01-30 15:17:42 /painel/data ................................. ~ 0.07ms
  2026-01-30 15:17:45 /painel/data ............................... ~ 500.29ms
  2026-01-30 15:17:45 /queue/tickets/triagem ....................... ~ 0.07ms
  2026-01-30 15:17:48 /painel/data ................................. ~ 0.08ms
  2026-01-30 15:17:50 /queue/tickets/triagem ....................... ~ 0.09ms
  2026-01-30 15:17:51 /painel/data ................................. ~ 0.03ms
  2026-01-30 15:17:54 /painel/data ................................. ~ 0.09ms
  2026-01-30 15:17:55 /queue/tickets/triagem ....................... ~ 0.19ms
  2026-01-30 15:17:57 /painel/data ................................. ~ 0.07ms
  2026-01-30 15:18:00 /painel/data ................................. ~ 0.11ms
  2026-01-30 15:18:00 /queue/tickets/triagem ....................... ~ 0.08ms
  2026-01-30 15:18:03 /painel/data ................................. ~ 0.12ms
  2026-01-30 15:18:05 /queue/tickets/triagem ....................... ~ 0.08ms
  2026-01-30 15:18:06 /painel/data ................................. ~ 0.02ms
  2026-01-30 15:18:09 /painel/data ................................. ~ 0.08ms
  2026-01-30 15:18:10 /queue/tickets/triagem ....................... ~ 0.11ms
  2026-01-30 15:18:12 /painel/data ................................. ~ 0.07ms
  2026-01-30 15:18:15 /painel/data ................................. ~ 0.16ms
  2026-01-30 15:18:15 /queue/tickets/triagem ....................... ~ 0.14ms
  2026-01-30 15:18:18 /painel/data ................................. ~ 0.09ms
  2026-01-30 15:18:20 /queue/tickets/triagem ....................... ~ 0.09ms
  2026-01-30 15:18:21 /painel/data ................................. ~ 0.03ms
  2026-01-30 15:18:24 /painel/data ................................. ~ 0.10ms
  2026-01-30 15:18:25 /queue/tickets/triagem ....................... ~ 0.09ms
  2026-01-30 15:18:27 /painel/data ................................. ~ 0.12ms
  2026-01-30 15:18:30 /painel/data ................................. ~ 0.10ms
  2026-01-30 15:18:30 /queue/tickets/triagem ....................... ~ 0.17ms
  2026-01-30 15:18:33 /painel/data ................................. ~ 0.09ms
  2026-01-30 15:18:35 /queue/tickets/triagem ....................... ~ 0.13ms
  2026-01-30 15:18:36 /painel/data ................................. ~ 0.03ms
  2026-01-30 15:18:39 /painel/data ................................. ~ 0.19ms
  2026-01-30 15:18:40 /queue/tickets/triagem ....................... ~ 0.15ms
  2026-01-30 15:18:42 /painel/data ................................. ~ 0.08ms
  2026-01-30 15:18:45 /painel/data ................................. ~ 0.16ms
  2026-01-30 15:18:45 /queue/tickets/triagem ....................... ~ 0.14ms
  2026-01-30 15:18:48 /painel/data ................................. ~ 0.13ms
  2026-01-30 15:18:50 /queue/tickets/triagem ....................... ~ 0.07ms
  2026-01-30 15:18:51 /painel/data ................................. ~ 0.03ms
  2026-01-30 15:18:54 /painel/data ................................. ~ 0.13ms
  2026-01-30 15:18:55 /queue/tickets/triagem ....................... ~ 0.19ms
  2026-01-30 15:18:57 /painel/data ................................. ~ 0.12ms
  2026-01-30 15:19:00 /painel/data ................................. ~ 0.09ms
  2026-01-30 15:19:00 /queue/tickets/triagem ....................... ~ 0.15ms
  2026-01-30 15:19:03 /painel/data ................................. ~ 0.15ms
  2026-01-30 15:19:05 /queue/tickets/triagem ....................... ~ 0.08ms
  2026-01-30 15:19:06 /painel/data ................................. ~ 0.03ms
  2026-01-30 15:19:09 /painel/data ................................. ~ 0.10ms
  2026-01-30 15:19:10 /queue/tickets/triagem ....................... ~ 0.07ms
  2026-01-30 15:19:12 /painel/data ................................. ~ 0.14ms
  2026-01-30 15:19:15 /painel/data ................................. ~ 0.08ms
  2026-01-30 15:19:15 /queue/tickets/triagem ....................... ~ 0.13ms
  2026-01-30 15:19:18 /painel/data ................................. ~ 0.13ms
  2026-01-30 15:19:20 /queue/tickets/triagem ....................... ~ 0.08ms
  2026-01-30 15:19:21 /painel/data ................................. ~ 0.02ms
  2026-01-30 15:19:24 /painel/data ................................. ~ 0.08ms
  2026-01-30 15:19:25 /queue/tickets/triagem ....................... ~ 0.12ms
  2026-01-30 15:19:27 /painel/data ................................. ~ 0.12ms
  2026-01-30 15:19:30 /painel/data ................................. ~ 0.08ms
  2026-01-30 15:19:30 /queue/tickets/triagem ....................... ~ 0.08ms
  2026-01-30 15:19:33 /painel/data ................................. ~ 0.07ms
  2026-01-30 15:19:35 /queue/tickets/triagem ....................... ~ 0.14ms
  2026-01-30 15:19:36 /painel/data ................................. ~ 0.05ms
  2026-01-30 15:19:39 /painel/data ................................. ~ 0.13ms
  2026-01-30 15:19:40 /queue/tickets/triagem ....................... ~ 0.15ms
  2026-01-30 15:19:42 /painel/data ................................. ~ 0.12ms
  2026-01-30 15:19:45 /painel/data ................................. ~ 0.14ms
  2026-01-30 15:19:45 /queue/tickets/triagem ....................... ~ 0.07ms
  2026-01-30 15:19:48 /painel/data ................................. ~ 0.12ms
  2026-01-30 15:19:50 /queue/tickets/triagem ....................... ~ 0.13ms
  2026-01-30 15:19:51 /painel/data ................................. ~ 0.06ms
  2026-01-30 15:19:54 /painel/data ................................. ~ 0.13ms
  2026-01-30 15:19:55 /queue/tickets/triagem ....................... ~ 0.16ms
  2026-01-30 15:19:57 /painel/data ................................. ~ 0.07ms
  2026-01-30 15:20:00 /painel/data ................................. ~ 0.13ms
  2026-01-30 15:20:00 /queue/tickets/triagem ....................... ~ 0.10ms
  2026-01-30 15:20:03 /painel/data ................................. ~ 0.11ms
  2026-01-30 15:20:05 /queue/tickets/triagem ....................... ~ 0.09ms
  2026-01-30 15:20:06 /painel/data ................................. ~ 0.04ms
  2026-01-30 15:20:09 /painel/data ................................. ~ 0.09ms
  2026-01-30 15:20:10 /queue/tickets/triagem ....................... ~ 0.15ms
  2026-01-30 15:20:12 /painel/data ................................. ~ 0.07ms
  2026-01-30 15:20:15 /painel/data ................................. ~ 0.09ms
  2026-01-30 15:20:15 /queue/tickets/triagem ....................... ~ 0.09ms
  2026-01-30 15:20:18 /painel/data ................................. ~ 0.07ms
  2026-01-30 15:20:20 /queue/tickets/triagem ....................... ~ 0.21ms
  2026-01-30 15:20:21 /painel/data ................................. ~ 0.03ms
  2026-01-30 15:20:24 /painel/data ................................. ~ 0.10ms
  2026-01-30 15:20:25 /queue/tickets/triagem ....................... ~ 0.10ms
  2026-01-30 15:20:27 /painel/data ................................. ~ 0.13ms
  2026-01-30 15:20:30 /painel/data ................................. ~ 0.08ms
  2026-01-30 15:20:30 /queue/tickets/triagem ....................... ~ 0.07ms
  2026-01-30 15:20:33 /painel/data ................................. ~ 0.13ms
  2026-01-30 15:20:35 /queue/tickets/triagem ....................... ~ 0.08ms
  2026-01-30 15:20:36 /painel/data ................................. ~ 0.03ms
  2026-01-30 15:20:39 /painel/data ................................. ~ 0.14ms
  2026-01-30 15:20:40 /queue/tickets/triagem ....................... ~ 0.15ms
  2026-01-30 15:20:42 /painel/data ................................. ~ 0.14ms
  2026-01-30 15:20:45 /painel/data ................................. ~ 0.15ms
  2026-01-30 15:20:45 /queue/tickets/triagem ....................... ~ 0.13ms
  2026-01-30 15:20:48 /painel/data ................................. ~ 0.11ms
  2026-01-30 15:20:50 /queue/tickets/triagem ....................... ~ 0.16ms
  2026-01-30 15:20:51 /painel/data ................................. ~ 0.05ms
  2026-01-30 15:20:54 /painel/data ................................. ~ 0.14ms
  2026-01-30 15:20:55 /queue/tickets/triagem ....................... ~ 0.22ms
  2026-01-30 15:20:57 /painel/data ................................. ~ 0.20ms
  2026-01-30 15:21:00 /painel/data ................................. ~ 0.15ms
  2026-01-30 15:21:00 /queue/tickets/triagem ....................... ~ 0.13ms
  2026-01-30 15:21:03 /painel/data ................................. ~ 0.09ms
  2026-01-30 15:21:05 /queue/tickets/triagem ....................... ~ 0.20ms
  2026-01-30 15:21:06 /painel/data ................................. ~ 0.05ms
  2026-01-30 15:21:09 /painel/data ................................. ~ 0.13ms
  2026-01-30 15:21:10 /queue/tickets/triagem ....................... ~ 0.11ms
  2026-01-30 15:21:12 /painel/data ................................. ~ 0.07ms
  2026-01-30 15:21:15 /painel/data ................................. ~ 0.14ms
  2026-01-30 15:21:15 /queue/tickets/triagem ....................... ~ 0.21ms
  2026-01-30 15:21:18 /painel/data ................................. ~ 0.15ms
  2026-01-30 15:21:20 /queue/tickets/triagem ....................... ~ 0.18ms
  2026-01-30 15:21:21 /painel/data ................................. ~ 0.03ms
  2026-01-30 15:21:24 /painel/data ................................. ~ 0.07ms
  2026-01-30 15:21:25 /queue/tickets/triagem ..................... ~ 500.30ms
  2026-01-30 15:21:27 /painel/data ................................. ~ 0.10ms
  2026-01-30 15:21:30 /painel/data ................................. ~ 0.08ms
  2026-01-30 15:21:31 /queue/tickets/triagem ....................... ~ 0.13ms
  2026-01-30 15:21:33 /painel/data ................................. ~ 0.12ms
  2026-01-30 15:21:36 /painel/data ................................. ~ 0.15ms
  2026-01-30 15:21:36 /queue/tickets/triagem ....................... ~ 0.07ms
  2026-01-30 15:21:39 /painel/data ................................. ~ 0.13ms
  2026-01-30 15:21:41 /queue/tickets/triagem ....................... ~ 0.07ms
  2026-01-30 15:21:42 /painel/data ................................. ~ 0.52ms
  2026-01-30 15:21:45 /painel/data ................................. ~ 0.08ms
  2026-01-30 15:21:46 /queue/tickets/triagem ....................... ~ 0.08ms
  2026-01-30 15:21:48 /painel/data ................................. ~ 0.12ms
  2026-01-30 15:21:51 /painel/data ................................. ~ 0.13ms
  2026-01-30 15:21:51 /queue/tickets/triagem ....................... ~ 0.07ms
  2026-01-30 15:21:54 /painel/data ................................. ~ 0.15ms
  2026-01-30 15:21:56 /queue/tickets/triagem ....................... ~ 0.16ms
  2026-01-30 15:21:57 /painel/data ................................. ~ 0.13ms
  2026-01-30 15:22:00 /painel/data ................................. ~ 0.08ms
  2026-01-30 15:22:01 /queue/tickets/triagem ....................... ~ 0.07ms
  2026-01-30 15:22:03 /painel/data ................................. ~ 0.09ms
  2026-01-30 15:22:06 /painel/data ................................. ~ 0.16ms
  2026-01-30 15:22:06 /queue/tickets/triagem ....................... ~ 0.15ms
  2026-01-30 15:22:09 /painel/data ................................. ~ 0.09ms
  2026-01-30 15:22:11 /queue/tickets/triagem ....................... ~ 0.09ms
  2026-01-30 15:22:12 /painel/data ................................. ~ 0.13ms
  2026-01-30 15:22:15 /painel/data ................................. ~ 0.13ms
  2026-01-30 15:22:16 /queue/tickets/triagem ....................... ~ 0.12ms
  2026-01-30 15:22:18 /painel/data ................................. ~ 0.12ms
  2026-01-30 15:22:21 /painel/data ................................. ~ 0.09ms
  2026-01-30 15:22:21 /favicon.ico ................................. ~ 0.04ms
  2026-01-30 15:22:21 /queue/tickets/triagem ....................... ~ 0.12ms
  2026-01-30 15:22:26 /queue/tickets/triagem ....................... ~ 0.15ms
  2026-01-30 15:22:21 /painel ......................................... ~ 19s
  2026-01-30 15:22:40 /painel/data ................................. ~ 0.13ms
  2026-01-30 15:22:40 /sounds/notification.mp3 ..................... ~ 0.03ms
  2026-01-30 15:22:41 /favicon.ico ................................. ~ 0.15ms
  2026-01-30 15:22:43 /favicon.ico ................................. ~ 0.13ms
  2026-01-30 15:22:43 /painel/data ................................. ~ 0.05ms
  2026-01-30 15:22:46 /painel/data ................................. ~ 0.08ms
  2026-01-30 15:22:49 /painel/data ................................. ~ 0.08ms
  2026-01-30 15:22:52 /painel/data ................................. ~ 0.16ms
  2026-01-30 15:22:55 /painel/data ................................. ~ 0.08ms
  2026-01-30 15:22:56 /queue/tickets/triagem ....................... ~ 0.13ms
  2026-01-30 15:23:56 /queue/tickets/triagem ....................... ~ 0.19ms
  2026-01-30 15:24:56 /queue/tickets/triagem ....................... ~ 0.09ms
  2026-01-30 15:25:56 /queue/tickets/triagem ....................... ~ 0.16ms
  2026-01-30 15:26:56 /queue/tickets/triagem ....................... ~ 0.10ms
  2026-01-30 15:27:56 /queue/tickets/triagem ....................... ~ 0.16ms
  2026-01-30 15:28:56 /queue/tickets/triagem ....................... ~ 0.14ms
  2026-01-30 15:29:56 /queue/tickets/triagem ....................... ~ 0.14ms
  2026-01-30 15:30:56 /queue/tickets/triagem ....................... ~ 0.18ms
  2026-01-30 15:31:56 /queue/tickets/triagem ....................... ~ 0.15ms
  2026-01-30 15:32:15 /queue/tickets/triagem ....................... ~ 0.10ms
  2026-01-30 15:32:15 /queue/tickets/triagem ....................... ~ 0.12ms
  2026-01-30 15:32:20 /queue/tickets/triagem ....................... ~ 0.17ms
  2026-01-30 15:32:25 /queue/tickets/triagem ....................... ~ 0.14ms
  2026-01-30 15:32:30 /queue/tickets/triagem ....................... ~ 0.16ms
  2026-01-30 15:32:31 /queue/triagem/call .......................... ~ 0.17ms
  2026-01-30 15:32:31 /queue/triagem ............................... ~ 0.56ms
  2026-01-30 15:32:31 /queue/tickets/triagem ....................... ~ 3.29ms
  2026-01-30 15:32:31 /favicon.ico ................................. ~ 0.03ms
  2026-01-30 15:32:35 /queue/triagem/call .......................... ~ 1.17ms
  2026-01-30 15:32:35 /queue/triagem ............................... ~ 1.41ms
  2026-01-30 15:32:35 /queue/tickets/triagem ....................... ~ 0.03ms
  2026-01-30 15:32:35 /favicon.ico ................................. ~ 0.02ms
  2026-01-30 15:32:39 /queue/8/advance ........................... ~ 500.30ms
  2026-01-30 15:32:39 /queue/triagem ............................. ~ 500.52ms
  2026-01-30 15:32:39 /queue/tickets/triagem ....................... ~ 0.03ms
  2026-01-30 15:32:39 /favicon.ico ................................. ~ 0.03ms
  2026-01-30 15:32:40 /queue/atendimento ......................... ~ 500.42ms
  2026-01-30 15:32:40 /queue/tickets/atendimento ................... ~ 0.08ms
  2026-01-30 15:32:40 /favicon.ico ................................. ~ 3.42ms
  2026-01-30 15:32:41 /queue/atendimento/call ...................... ~ 0.08ms
  2026-01-30 15:32:41 /queue/atendimento ........................... ~ 0.28ms
  2026-01-30 15:32:41 /queue/tickets/atendimento ................... ~ 0.02ms
  2026-01-30 15:32:41 /favicon.ico ................................. ~ 0.02ms
  2026-01-30 15:32:46 /queue/tickets/atendimento ................... ~ 0.08ms
  2026-01-30 15:32:51 /queue/tickets/atendimento ................... ~ 0.09ms
  2026-01-30 15:32:56 /queue/tickets/atendimento ................... ~ 0.14ms
  2026-02-02 13:13:45 / .......................................... ~ 533.37ms
  2026-02-02 13:13:45 /login ....................................... ~ 0.04ms
  2026-02-02 13:13:45 /images/login.png ........................... ~ 15.39ms
  2026-02-02 13:13:48 /favicon.ico ................................. ~ 0.16ms
  2026-02-02 13:52:29 /login ..................................... ~ 502.47ms
  2026-02-02 13:52:29 /login ........................................... ~ 1s
  2026-02-02 13:52:30 /images/login.png ............................ ~ 0.04ms
  2026-02-02 13:52:30 /favicon.ico ................................. ~ 0.03ms
  2026-02-02 14:46:33 /login ..................................... ~ 500.47ms
  2026-02-02 14:46:33 /login ..................................... ~ 501.06ms
  2026-02-02 14:46:33 /images/login.png ............................ ~ 0.03ms
  2026-02-02 14:46:33 /favicon.ico ................................. ~ 0.02ms
  2026-02-02 14:46:36 /login ....................................... ~ 0.21ms
  2026-02-02 14:46:36 /login ..................................... ~ 501.00ms
  2026-02-02 14:46:37 /images/login.png ............................ ~ 0.06ms
  2026-02-02 14:46:37 /favicon.ico ................................. ~ 0.03ms
  2026-02-02 14:46:44 /login ..................................... ~ 500.50ms
  2026-02-02 14:46:44 /login ..................................... ~ 500.86ms
  2026-02-02 14:46:45 /images/login.png ............................ ~ 0.03ms
  2026-02-02 14:46:45 /favicon.ico ................................. ~ 0.02ms
  2026-02-02 14:46:56 /login ..................................... ~ 504.27ms
  2026-02-02 14:46:56 / .......................................... ~ 504.56ms
  2026-02-02 14:46:56 /images/triagemico.png ....................... ~ 0.04ms
  2026-02-02 14:46:56 /images/atendenteico.png ..................... ~ 0.19ms
  2026-02-02 14:46:56 /images/graficoico.png ....................... ~ 0.03ms
  2026-02-02 14:46:56 /images/painel.png ........................... ~ 1.28ms
  2026-02-02 14:46:56 /images/painel_tickets.png ................... ~ 0.20ms
  2026-02-02 14:46:56 /favicon.ico ................................. ~ 0.02ms
  2026-02-02 14:46:57 /queue/triagem ............................... ~ 0.15ms
  2026-02-02 14:46:57 /queue/tickets/triagem ..................... ~ 500.93ms
  2026-02-02 14:46:57 /favicon.ico ................................. ~ 0.06ms
  2026-02-02 14:47:02 /queue/tickets/triagem ..................... ~ 504.61ms
  2026-02-02 14:47:06 /logout .................................... ~ 500.28ms
  2026-02-02 14:47:06 / ............................................ ~ 0.03ms
  2026-02-02 14:47:06 /login ....................................... ~ 0.02ms
  2026-02-02 14:47:06 /images/login.png ............................ ~ 0.03ms
  2026-02-02 14:47:06 /favicon.ico ................................. ~ 0.02ms
  2026-02-02 14:47:08 /register .................................... ~ 0.10ms
  2026-02-02 14:47:09 /images/login.png ............................ ~ 0.03ms
  2026-02-02 14:47:09 /favicon.ico ................................. ~ 2.12ms
  2026-02-02 14:47:24 /register .................................. ~ 500.29ms
  2026-02-02 14:47:24 /register .................................. ~ 500.73ms
  2026-02-02 14:47:24 /images/login.png ............................ ~ 0.03ms
  2026-02-02 14:47:24 /favicon.ico ................................. ~ 0.03ms
  2026-02-02 14:47:28 /login ....................................... ~ 0.90ms
  2026-02-02 14:47:28 /images/login.png ............................ ~ 1.48ms
  2026-02-02 14:47:28 /favicon.ico ................................. ~ 0.04ms
  2026-02-02 14:47:43 /login ..................................... ~ 500.42ms
  2026-02-02 14:47:43 / .......................................... ~ 500.78ms
  2026-02-02 14:47:43 /images/triagemico.png ....................... ~ 0.04ms
  2026-02-02 14:47:43 /images/atendenteico.png ..................... ~ 0.19ms
  2026-02-02 14:47:44 /favicon.ico ................................. ~ 0.03ms
  2026-02-02 14:47:50 /logout .................................... ~ 500.43ms
  2026-02-02 14:47:50 / ............................................ ~ 0.03ms
  2026-02-02 14:47:50 /login ....................................... ~ 0.02ms
  2026-02-02 14:47:51 /images/login.png ............................ ~ 0.03ms
  2026-02-02 14:47:51 /favicon.ico ................................. ~ 0.03ms
  2026-02-02 14:48:00 /register .................................... ~ 0.14ms
  2026-02-02 14:48:00 /images/login.png ............................ ~ 0.06ms
  2026-02-02 14:48:00 /favicon.ico ................................. ~ 0.07ms
  2026-02-02 14:48:14 /register .................................. ~ 500.45ms
  2026-02-02 14:48:14 /selecionar-guiche ......................... ~ 500.91ms
  2026-02-02 14:48:15 /images/atendenteico.png ..................... ~ 0.05ms
  2026-02-02 14:48:15 /favicon.ico ................................. ~ 0.02ms
  2026-02-02 14:48:20 /selecionar-guiche ........................... ~ 0.23ms
  2026-02-02 14:48:20 /queue/atendimento ........................... ~ 0.47ms
  2026-02-02 14:48:20 /queue/tickets/atendimento ................... ~ 0.02ms
  2026-02-02 14:48:20 /favicon.ico ................................. ~ 1.80ms
  2026-02-02 14:48:25 /queue/tickets/atendimento ................. ~ 500.28ms
  2026-02-02 14:48:27 / ............................................ ~ 0.09ms
  2026-02-02 14:48:27 /images/triagemico.png ....................... ~ 0.05ms
  2026-02-02 14:48:27 /images/atendenteico.png ..................... ~ 0.21ms
  2026-02-02 14:48:27 /favicon.ico ................................. ~ 0.02ms
  2026-02-02 14:48:29 /logout .................................... ~ 500.24ms
  2026-02-02 14:48:29 / ............................................ ~ 0.03ms
  2026-02-02 14:48:30 /login ....................................... ~ 0.02ms
  2026-02-02 14:48:30 /images/login.png ............................ ~ 0.05ms
  2026-02-02 14:48:30 /favicon.ico ................................. ~ 0.02ms
  2026-02-02 14:48:39 /login ..................................... ~ 500.30ms
  2026-02-02 14:48:39 / .......................................... ~ 500.63ms
  2026-02-02 14:48:39 /images/triagemico.png ....................... ~ 0.05ms
  2026-02-02 14:48:39 /images/atendenteico.png ..................... ~ 0.20ms
  2026-02-02 14:48:39 /favicon.ico ................................. ~ 0.02ms
  2026-02-02 14:48:42 /queue/triagem ............................. ~ 500.42ms
  2026-02-02 14:48:42 /queue/tickets/triagem ....................... ~ 0.03ms
  2026-02-02 14:48:42 /favicon.ico ................................. ~ 0.03ms
  2026-02-02 14:48:46 / .......................................... ~ 500.38ms
  2026-02-02 14:48:46 /images/triagemico.png ....................... ~ 0.10ms
  2026-02-02 14:48:46 /images/atendenteico.png ..................... ~ 2.96ms
  2026-02-02 14:48:46 /favicon.ico ................................. ~ 0.03ms
  2026-02-02 14:48:47 /queue/atendimento ........................... ~ 0.13ms
  2026-02-02 14:48:47 /queue/tickets/atendimento ................... ~ 0.03ms
  2026-02-02 14:48:47 /favicon.ico ................................. ~ 0.02ms
  2026-02-02 14:48:52 /queue/tickets/atendimento ................... ~ 1.41ms
  2026-02-02 14:48:54 / ............................................ ~ 0.08ms
  2026-02-02 14:48:54 /images/triagemico.png ....................... ~ 0.93ms
  2026-02-02 14:48:54 /images/atendenteico.png ..................... ~ 0.03ms
  2026-02-02 14:48:54 /favicon.ico ................................. ~ 0.12ms
  2026-02-02 14:49:28 /queue/triagem ............................. ~ 500.29ms
  2026-02-02 14:49:28 /queue/tickets/triagem ....................... ~ 0.04ms
  2026-02-02 14:49:28 /favicon.ico ................................. ~ 0.03ms
  2026-02-02 14:49:29 / ............................................ ~ 0.09ms
  2026-02-02 14:49:29 /images/triagemico.png ....................... ~ 0.43ms
  2026-02-02 14:49:29 /images/atendenteico.png ..................... ~ 0.19ms
  2026-02-02 14:49:29 /favicon.ico ................................. ~ 0.02ms
  2026-02-02 14:49:30 /queue/atendimento ............................... ~ 1s
  2026-02-02 14:49:32 /queue/tickets/atendimento ................. ~ 502.28ms
  2026-02-02 14:49:32 /favicon.ico ................................. ~ 0.06ms
  2026-02-02 14:49:34 / ............................................ ~ 0.09ms
  2026-02-02 14:49:35 /images/atendenteico.png ..................... ~ 0.03ms
  2026-02-02 14:49:35 /images/triagemico.png ....................... ~ 0.54ms
  2026-02-02 14:49:35 /favicon.ico ................................. ~ 0.03ms
  2026-02-02 14:49:36 /queue/triagem ............................... ~ 0.12ms
  2026-02-02 14:49:36 /queue/tickets/triagem ..................... ~ 500.31ms
  2026-02-02 14:49:36 /favicon.ico ................................. ~ 0.06ms
  2026-02-02 14:49:37 / ............................................ ~ 0.16ms
  2026-02-02 14:49:38 /images/triagemico.png ....................... ~ 3.56ms
  2026-02-02 14:49:38 /images/atendenteico.png ..................... ~ 0.03ms
  2026-02-02 14:49:38 /favicon.ico ................................. ~ 0.03ms
  2026-02-03 11:24:40 / ............................................ ~ 0.11ms
  2026-02-03 11:24:40 /login ....................................... ~ 0.03ms
  2026-02-03 11:24:40 /images/login.png ............................ ~ 0.10ms
  2026-02-03 11:24:40 /favicon.ico ................................. ~ 0.10ms
  2026-02-03 11:24:49 / ............................................ ~ 0.09ms
  2026-02-03 11:24:49 /login ....................................... ~ 0.03ms
  2026-02-03 11:24:49 /images/login.png ............................ ~ 0.03ms
  2026-02-03 11:24:50 /favicon.ico ................................. ~ 0.16ms
  2026-02-03 11:25:11 /register .................................. ~ 500.40ms
  2026-02-03 11:25:11 /images/login.png ............................ ~ 0.04ms
  2026-02-03 11:25:11 /favicon.ico ................................. ~ 0.03ms
  2026-02-03 11:25:20 / ............................................ ~ 0.10ms
  2026-02-03 11:25:20 /login ..................................... ~ 500.31ms
  2026-02-03 11:25:20 /images/login.png ............................ ~ 0.03ms
  2026-02-03 11:25:21 /favicon.ico ................................. ~ 0.02ms
  2026-02-03 11:25:26 /login ..................................... ~ 500.39ms
  2026-02-03 11:25:26 /images/login.png ............................ ~ 0.03ms
  2026-02-03 11:25:26 /favicon.ico ................................. ~ 0.03ms
  2026-02-03 11:25:32 /login ..................................... ~ 500.38ms
  2026-02-03 11:25:32 / .......................................... ~ 500.75ms
  2026-02-03 11:25:32 /images/triagemico.png ....................... ~ 0.05ms
  2026-02-03 11:25:32 /images/atendenteico.png ..................... ~ 0.21ms
  2026-02-03 11:25:32 /images/graficoico.png ....................... ~ 0.03ms
  2026-02-03 11:25:32 /images/painel.png ........................... ~ 1.69ms
  2026-02-03 11:25:32 /images/painel_tickets.png ................... ~ 0.03ms
  2026-02-03 11:25:32 /favicon.ico ................................. ~ 0.12ms
  2026-02-03 11:26:00 /users/assing-category/ .................... ~ 500.33ms
  2026-02-03 11:26:01 /users/assing-category ........................... ~ 3s
  2026-02-03 11:26:03 /users/asing-category ............................ ~ 8s
  2026-02-03 11:26:25 /login ....................................... ~ 0.15ms
  2026-02-03 11:26:25 / ............................................ ~ 0.42ms
  2026-02-03 11:26:25 /images/triagemico.png ....................... ~ 0.03ms
  2026-02-03 11:26:25 /images/atendenteico.png ..................... ~ 0.18ms
  2026-02-03 11:26:25 /favicon.ico ................................. ~ 0.02ms
  2026-02-03 11:26:28 /users/assign-category ....................... ~ 0.09ms
  2026-02-03 11:26:12 /users/assing-category .......................... ~ 28s
  2026-02-03 11:26:44 /favicon.ico ................................. ~ 0.17ms
  2026-02-03 11:26:40 /users/assign-category .......................... ~ 13s
  2026-02-03 11:26:54 /favicon.ico ............................... ~ 500.21ms
  2026-02-03 11:27:06 /users/5 ..................................... ~ 0.09ms
  2026-02-03 11:27:06 /users/assign-category ....................... ~ 0.38ms
  2026-02-03 11:27:06 /favicon.ico ................................. ~ 0.08ms
  2026-02-03 11:27:09 /users/assign-category ....................... ~ 0.08ms
  2026-02-03 11:27:09 /favicon.ico ............................... ~ 500.26ms
  2026-02-03 11:27:10 /users/assign-category ....................... ~ 0.17ms
  2026-02-03 11:27:10 /favicon.ico ................................. ~ 0.57ms
  2026-02-03 11:27:26 /favicon.ico ................................. ~ 0.12ms
  2026-02-03 11:27:26 / ................................................ ~ 1s
  2026-02-03 11:27:27 /images/triagemico.png ..................... ~ 500.27ms
  2026-02-03 11:27:27 /images/atendenteico.png ..................... ~ 0.32ms
  2026-02-03 11:27:27 /favicon.ico ................................. ~ 0.02ms
  2026-02-03 11:27:28 /login ....................................... ~ 0.11ms
  2026-02-03 11:27:28 /favicon.ico ................................. ~ 0.39ms
  2026-02-03 11:27:29 /favicon.ico ................................. ~ 0.10ms
  2026-02-03 11:27:29 /users/assign-category ........................... ~ 2s
  2026-02-03 11:27:31 /favicon.ico ................................. ~ 0.03ms
  2026-02-03 11:27:41 /favicon.ico ................................. ~ 0.13ms
  2026-02-03 11:27:41 /favicon.ico ............................... ~ 500.75ms
  2026-02-03 11:27:41 / ................................................ ~ 8s
  2026-02-03 11:27:50 /images/triagemico.png ....................... ~ 0.04ms
  2026-02-03 11:27:50 /images/atendenteico.png ..................... ~ 0.20ms
  2026-02-03 11:27:52 /favicon.ico ................................. ~ 0.19ms
  2026-02-03 11:27:55 /logout ...................................... ~ 0.13ms
  2026-02-03 11:27:56 / ............................................ ~ 0.03ms
  2026-02-03 11:27:56 /login ....................................... ~ 0.02ms
  2026-02-03 11:27:56 /images/login.png ............................ ~ 0.02ms
  2026-02-03 11:27:56 /favicon.ico ................................. ~ 0.03ms
  2026-02-03 11:28:02 /login ..................................... ~ 500.26ms
  2026-02-03 11:28:02 / .......................................... ~ 500.66ms
  2026-02-03 11:28:02 /images/triagemico.png ....................... ~ 0.06ms
  2026-02-03 11:28:02 /images/atendenteico.png ..................... ~ 0.22ms
  2026-02-03 11:28:02 /images/graficoico.png ....................... ~ 0.36ms
  2026-02-03 11:28:02 /images/painel.png ........................... ~ 0.49ms
  2026-02-03 11:28:02 /images/painel_tickets.png ................... ~ 0.65ms
  2026-02-03 11:28:02 /favicon.ico ................................. ~ 0.08ms
  2026-02-03 11:28:07 /users/assign-category ....................... ~ 0.18ms
  2026-02-03 11:28:11 /favicon.ico ................................. ~ 0.15ms
  2026-02-03 11:28:16 /users/1 ................................... ~ 500.35ms
  2026-02-03 11:28:16 /favicon.ico ............................... ~ 500.63ms
  2026-02-03 11:28:28 /users/assign-category ....................... ~ 0.21ms
  2026-02-03 11:28:28 /favicon.ico ................................. ~ 0.57ms
  2026-02-03 11:28:29 /users/assign-category ....................... ~ 0.09ms
  2026-02-03 11:28:29 /favicon.ico ................................. ~ 0.03ms
  2026-02-03 11:28:37 /users/1 ..................................... ~ 0.11ms
  2026-02-03 11:28:37 /favicon.ico ................................. ~ 0.42ms
  2026-02-03 11:28:40 /favicon.ico ................................. ~ 0.15ms
  2026-02-03 11:28:59 /users/3 ..................................... ~ 0.15ms
  2026-02-03 11:28:59 /users/assign-category ....................... ~ 0.05ms
  2026-02-03 11:29:00 /favicon.ico ................................. ~ 0.06ms
  2026-02-03 11:29:02 /users/assign-category ....................... ~ 0.16ms
  2026-02-03 11:29:02 /favicon.ico ................................. ~ 0.06ms
  2026-02-03 11:29:03 /users/assign-category ....................... ~ 0.13ms
  2026-02-03 11:29:03 /favicon.ico ................................. ~ 0.06ms
  2026-02-03 11:29:17 /users/4 ................................... ~ 500.47ms
  2026-02-03 11:29:17 /users/assign-category ....................... ~ 0.03ms
  2026-02-03 11:29:17 /favicon.ico ................................. ~ 2.25ms
  2026-02-03 11:29:21 /users/assign-category ....................... ~ 0.16ms
  2026-02-03 11:29:21 /favicon.ico ................................. ~ 0.60ms
  2026-02-03 11:29:28 /users/1 ..................................... ~ 0.09ms
  2026-02-03 11:29:28 /favicon.ico ................................. ~ 0.39ms
  2026-02-03 11:29:29 /favicon.ico ................................. ~ 0.19ms
  2026-02-03 11:29:32 /users/3 ..................................... ~ 0.14ms
  2026-02-03 11:29:32 /users/assign-category ....................... ~ 0.06ms
  2026-02-03 11:29:32 /favicon.ico ................................. ~ 0.13ms
  2026-02-03 11:30:22 /users/2 ................................... ~ 500.27ms
  2026-02-03 11:30:22 /favicon.ico ................................. ~ 0.04ms
  2026-02-03 11:30:28 /favicon.ico ................................. ~ 0.11ms
  2026-02-03 11:33:41 /favicon.ico ................................. ~ 0.12ms
  2026-02-03 11:33:41 /favicon.ico ............................... ~ 500.73ms
  2026-02-03 11:33:41 /favicon.ico ............................... ~ 500.87ms
  2026-02-03 11:33:42 /favicon.ico ................................. ~ 0.62ms
  2026-02-03 11:33:42 /home ............................................ ~ 5s
  2026-02-03 11:33:42 /favicon.ico ..................................... ~ 5s
  2026-02-03 11:33:50 / ............................................ ~ 0.19ms
  2026-02-03 11:33:50 /images/triagemico.png ....................... ~ 0.04ms
  2026-02-03 11:33:50 /images/atendenteico.png ..................... ~ 2.35ms
  2026-02-03 11:33:50 /images/graficoico.png ....................... ~ 0.04ms
  2026-02-03 11:33:50 /images/painel.png ........................... ~ 0.19ms
  2026-02-03 11:33:50 /images/painel_tickets.png ................... ~ 0.02ms
  2026-02-03 11:33:50 /favicon.ico ................................. ~ 0.02ms
  2026-02-03 11:33:58 /adminPanel .................................. ~ 0.17ms
  2026-02-03 11:33:58 /favicon.ico ................................. ~ 0.04ms
  2026-02-03 11:35:15 /users/1/update-category ..................... ~ 0.09ms
  2026-02-03 11:35:15 /adminPanel .................................. ~ 0.05ms
  2026-02-03 11:35:15 /favicon.ico ................................. ~ 0.03ms
  2026-02-03 11:35:19 /users/1/update-category ..................... ~ 0.08ms
  2026-02-03 11:35:19 /adminPanel .................................. ~ 0.03ms
  2026-02-03 11:35:19 /favicon.ico ................................. ~ 0.03ms
  2026-02-03 11:35:31 /users/1/update-category ..................... ~ 0.09ms
  2026-02-03 11:35:31 /adminPanel .................................. ~ 0.03ms
  2026-02-03 11:35:31 /favicon.ico ................................. ~ 0.03ms
  2026-02-03 11:35:55 /favicon.ico ................................. ~ 0.21ms
  2026-02-03 11:35:55 /favicon.ico ..................................... ~ 1s
  2026-02-03 11:35:56 /favicon.ico ..................................... ~ 9s
  2026-02-03 11:36:05 .............................................. ~ 1m 29s
  2026-02-03 12:14:36 / ............................................ ~ 0.11ms
  2026-02-03 12:14:36 /images/triagemico.png ....................... ~ 0.05ms
  2026-02-03 12:14:36 /images/atendenteico.png ..................... ~ 0.23ms
  2026-02-03 12:14:36 /images/graficoico.png ....................... ~ 0.04ms
  2026-02-03 12:14:36 /images/painel.png ........................... ~ 0.18ms
  2026-02-03 12:14:36 /images/painel_tickets.png ................... ~ 0.03ms
  2026-02-03 13:09:32 / .......................................... ~ 500.28ms
  2026-02-03 13:09:32 /images/triagemico.png ....................... ~ 0.05ms
  2026-02-03 13:09:32 /images/atendenteico.png ..................... ~ 0.26ms
  2026-02-03 13:09:32 ............................................... ~ 2m 3s
  2026-02-03 13:31:35 / ............................................ ~ 0.10ms
  2026-02-03 13:31:35 /images/triagemico.png ....................... ~ 0.05ms
  2026-02-03 13:31:35 /images/atendenteico.png ..................... ~ 0.25ms
  2026-02-03 13:31:35 /images/graficoico.png ....................... ~ 0.04ms
  2026-02-03 13:31:35 /images/painel.png ........................... ~ 2.12ms
  2026-02-03 13:31:35 /images/painel_tickets.png ................... ~ 0.03ms
  2026-02-03 13:31:53 / ............................................ ~ 0.11ms
  2026-02-03 13:31:53 /images/triagemico.png ....................... ~ 0.05ms
  2026-02-03 13:31:53 /images/atendenteico.png ..................... ~ 0.20ms
  2026-02-03 13:31:53 /images/graficoico.png ....................... ~ 0.02ms
  2026-02-03 13:31:53 /images/painel.png ........................... ~ 0.02ms
  2026-02-03 13:31:53 /images/painel_tickets.png ................... ~ 0.04ms
  2026-02-03 13:32:57 /favicon.ico ................................. ~ 0.84ms
  2026-02-03 13:33:12 /users/assign-category ....................... ~ 0.12ms
  2026-02-03 13:33:14 /favicon.ico ................................. ~ 0.17ms
  2026-02-03 13:33:20 / ............................................ ~ 0.15ms
  2026-02-03 13:33:20 /images/triagemico.png ....................... ~ 0.04ms
  2026-02-03 13:33:20 /images/atendenteico.png ..................... ~ 1.83ms
  2026-02-03 13:33:20 /images/graficoico.png ....................... ~ 0.04ms
  2026-02-03 13:33:20 /images/painel.png ........................... ~ 1.25ms
  2026-02-03 13:33:20 /images/painel_tickets.png ................... ~ 0.03ms
  2026-02-03 13:33:27 /favicon.ico ................................. ~ 0.18ms
  2026-02-03 13:33:27 /logout .......................................... ~ 2s
  2026-02-03 13:33:29 / .......................................... ~ 503.32ms
  2026-02-03 13:33:29 /login ....................................... ~ 0.03ms
  2026-02-03 13:33:29 /images/login.png ............................ ~ 0.02ms
  2026-02-03 13:33:29 /favicon.ico ................................. ~ 0.02ms
  2026-02-03 13:33:30 /register .................................... ~ 0.07ms
  2026-02-03 13:33:30 /images/login.png ............................ ~ 0.03ms
  2026-02-03 13:33:30 /favicon.ico ................................. ~ 0.12ms
  2026-02-03 13:33:53 /register .................................. ~ 500.46ms
  2026-02-03 13:33:53 /selecionar-guiche ......................... ~ 501.01ms
  2026-02-03 13:33:54 /images/atendenteico.png ..................... ~ 0.03ms
  2026-02-03 13:33:54 /favicon.ico ................................. ~ 0.03ms
  2026-02-03 14:48:24 / ............................................ ~ 0.17ms
  2026-02-03 14:48:24 /login ..................................... ~ 500.58ms
  2026-02-03 14:48:24 /images/login.png ............................ ~ 0.03ms
  2026-02-03 14:48:26 /favicon.ico ................................. ~ 0.09ms
  2026-02-03 14:48:28 /register .................................. ~ 501.04ms
  2026-02-03 14:48:28 /images/login.png ............................ ~ 0.04ms
  2026-02-03 14:48:28 /favicon.ico ................................. ~ 0.03ms
  2026-02-03 14:48:48 /register .................................... ~ 0.08ms
  2026-02-03 14:48:49 / ............................................ ~ 0.03ms
  2026-02-03 14:48:49 /images/triagemico.png ....................... ~ 0.57ms
  2026-02-03 14:48:49 /images/atendenteico.png ..................... ~ 0.85ms
  2026-02-03 14:48:49 /favicon.ico ................................. ~ 0.49ms
  2026-02-03 14:48:52 /selecionar-guiche ........................... ~ 0.31ms
  2026-02-03 14:48:53 /images/atendenteico.png ..................... ~ 0.03ms
  2026-02-03 14:48:53 /favicon.ico ................................. ~ 0.03ms
  2026-02-03 14:48:57 /selecionar-guiche ........................... ~ 7.47ms
  2026-02-03 14:48:58 /queue/atendimento ........................... ~ 0.03ms
  2026-02-03 14:48:58 /queue/tickets/atendimento ................... ~ 0.03ms
  2026-02-03 14:48:58 /favicon.ico ................................. ~ 0.03ms
  2026-02-03 14:49:03 /queue/tickets/atendimento ................... ~ 0.08ms
  2026-02-03 14:49:04 /selecionar-guiche ........................... ~ 0.13ms
  2026-02-03 14:49:04 /favicon.ico ................................. ~ 0.05ms
  2026-02-03 14:49:05 /favicon.ico ............................... ~ 500.37ms
  2026-02-03 14:49:05 /register ........................................ ~ 1s
  2026-02-03 14:49:06 /dashboard ................................... ~ 0.03ms
  2026-02-03 14:49:06 /favicon.ico ................................. ~ 0.07ms
  2026-02-03 14:49:08 /favicon.ico ................................. ~ 0.09ms
  2026-02-03 14:49:08 /logout .......................................... ~ 1s
  2026-02-03 14:49:10 / ............................................ ~ 0.03ms
  2026-02-03 14:49:10 /login ....................................... ~ 0.03ms
  2026-02-03 14:49:10 /images/login.png ............................ ~ 0.03ms
  2026-02-03 14:49:10 /favicon.ico ................................. ~ 0.03ms
  2026-02-03 14:49:15 /login ....................................... ~ 1.98ms
  2026-02-03 14:49:15 / .......................................... ~ 502.57ms
  2026-02-03 14:49:15 /images/triagemico.png ....................... ~ 2.79ms
  2026-02-03 14:49:15 /images/atendenteico.png ..................... ~ 2.96ms
  2026-02-03 14:49:15 /images/graficoico.png ....................... ~ 0.05ms
  2026-02-03 14:49:15 /images/painel.png ........................... ~ 0.19ms
  2026-02-03 14:49:15 /images/painel_tickets.png ................... ~ 0.35ms
  2026-02-03 14:49:15 /favicon.ico ................................. ~ 0.02ms
  2026-02-03 14:49:17 /queue/atendimento ......................... ~ 500.24ms
  2026-02-03 14:49:18 /selecionar-guiche ........................... ~ 0.03ms
  2026-02-03 14:49:18 /images/atendenteico.png ..................... ~ 0.03ms
  2026-02-03 14:49:18 /favicon.ico ................................. ~ 0.02ms
  2026-02-03 14:49:22 /favicon.ico ................................. ~ 0.16ms
  2026-02-03 14:49:22 /users/assign-category ........................... ~ 6s
  2026-02-03 14:49:29 /favicon.ico ............................... ~ 500.21ms
  2026-02-03 14:49:32 /favicon.ico ................................. ~ 0.11ms
  2026-02-03 14:49:32 ............................................... ~ 5m 8s
  2026-02-03 14:54:41 /users/assign-category ....................... ~ 2.98ms
  2026-02-03 14:54:41 /favicon.ico ................................. ~ 0.03ms
  2026-02-03 14:54:45 /users/7 ..................................... ~ 0.14ms
  2026-02-03 14:54:45 /users/assign-category ....................... ~ 0.07ms
  2026-02-03 14:54:46 /favicon.ico ................................. ~ 0.04ms
  2026-02-03 14:56:17 / ............................................ ~ 0.10ms
  2026-02-03 14:56:17 /images/triagemico.png ....................... ~ 0.04ms
  2026-02-03 14:56:17 /images/atendenteico.png ..................... ~ 0.19ms
  2026-02-03 14:56:23 /favicon.ico ................................. ~ 0.16ms
  2026-02-03 14:56:32 /selecionar-guiche ........................... ~ 0.15ms
  2026-02-03 14:56:33 /images/atendenteico.png ..................... ~ 0.03ms
  2026-02-03 14:56:33 /favicon.ico ................................. ~ 0.02ms
  2026-02-03 14:56:37 /selecionar-guiche ........................... ~ 0.08ms
  2026-02-03 14:56:38 /queue/atendimento ........................... ~ 0.03ms
  2026-02-03 14:56:38 /queue/tickets/atendimento ................. ~ 500.21ms
  2026-02-03 14:56:38 /favicon.ico ................................. ~ 0.03ms
  2026-02-03 14:56:43 /queue/tickets/atendimento ................... ~ 0.08ms
  2026-02-03 14:56:45 /logout .................................... ~ 500.33ms
  2026-02-03 14:56:45 / ............................................ ~ 0.60ms
  2026-02-03 14:56:46 /login ....................................... ~ 2.97ms
  2026-02-03 14:56:46 /images/login.png ............................ ~ 0.03ms
  2026-02-03 14:56:46 /favicon.ico ................................. ~ 0.03ms
  2026-02-03 14:56:59 /login ..................................... ~ 500.43ms
  2026-02-03 14:56:59 / .......................................... ~ 503.37ms
  2026-02-03 14:57:00 /images/triagemico.png ....................... ~ 0.05ms
  2026-02-03 14:57:00 /images/atendenteico.png ..................... ~ 0.19ms
  2026-02-03 14:57:00 /images/graficoico.png ....................... ~ 0.37ms
  2026-02-03 14:57:00 /images/painel.png ........................... ~ 0.18ms
  2026-02-03 14:57:00 /images/painel_tickets.png ................... ~ 0.35ms
  2026-02-03 14:57:00 /favicon.ico ................................. ~ 0.02ms
  2026-02-03 14:57:03 /queue/atendimento ........................... ~ 0.11ms
  2026-02-03 14:57:03 /selecionar-guiche ........................... ~ 0.36ms
  2026-02-03 14:57:03 /images/atendenteico.png ..................... ~ 0.03ms
  2026-02-03 14:57:03 /favicon.ico ................................. ~ 0.03ms
  2026-02-03 14:57:10 /selecionar-guiche ........................... ~ 0.08ms
  2026-02-03 14:57:10 /images/atendenteico.png ..................... ~ 0.31ms
  2026-02-03 14:57:10 /favicon.ico ................................. ~ 0.08ms
  2026-02-03 14:57:44 /users/assign-category ....................... ~ 0.19ms
  2026-02-03 14:57:44 /selecionar-guiche ........................... ~ 0.03ms
  2026-02-03 14:57:44 /images/atendenteico.png ..................... ~ 0.03ms
  2026-02-03 14:57:44 /favicon.ico ................................. ~ 0.39ms
  2026-02-03 14:57:44 /favicon.ico ................................. ~ 0.15ms
  2026-02-03 14:57:45 /favicon.ico ................................. ~ 0.17ms
  2026-02-03 14:57:53 /selecionar-guiche ........................... ~ 0.09ms
  2026-02-03 14:57:53 /images/atendenteico.png ..................... ~ 0.07ms
  2026-02-03 14:57:53 /favicon.ico ................................. ~ 0.03ms
  2026-02-03 14:57:53 /selecionar-guiche ........................... ~ 0.03ms
  2026-02-03 14:57:53 /images/atendenteico.png ..................... ~ 0.19ms
  2026-02-03 14:57:53 /favicon.ico ................................. ~ 1.72ms
  2026-02-03 14:57:54 /selecionar-guiche ........................... ~ 0.20ms
  2026-02-03 14:57:54 /images/atendenteico.png ..................... ~ 0.54ms
  2026-02-03 14:57:54 /favicon.ico ................................. ~ 3.48ms
  2026-02-03 14:57:57 /selecionar-guiche ........................... ~ 0.15ms
  2026-02-03 14:57:57 /images/atendenteico.png ..................... ~ 0.59ms
  2026-02-03 14:57:57 /favicon.ico ................................. ~ 0.06ms
  2026-02-03 14:57:59 /favicon.ico ................................. ~ 0.16ms
  2026-02-03 14:57:59 /queue/atendimento ............................... ~ 1s
  2026-02-03 14:58:00 /selecionar-guiche ........................... ~ 0.53ms
  2026-02-03 14:58:00 /images/atendenteico.png ..................... ~ 0.07ms
  2026-02-03 14:58:00 /favicon.ico ................................. ~ 0.03ms
  2026-02-03 14:58:02 /favicon.ico ................................. ~ 0.09ms
  2026-02-03 14:58:02 / ................................................ ~ 8s
  2026-02-03 14:58:10 /images/triagemico.png ....................... ~ 0.03ms
  2026-02-03 14:58:10 /images/atendenteico.png ..................... ~ 0.03ms
  2026-02-03 14:58:10 /images/graficoico.png ....................... ~ 0.04ms
  2026-02-03 14:58:10 /images/painel.png ........................... ~ 0.19ms
  2026-02-03 14:58:10 /images/painel_tickets.png ................... ~ 4.42ms
  2026-02-03 14:58:10 /favicon.ico ................................. ~ 0.03ms
  2026-02-03 14:58:10 / ............................................ ~ 0.03ms
  2026-02-03 14:58:10 /images/atendenteico.png ..................... ~ 0.05ms
  2026-02-03 14:58:10 /images/triagemico.png ....................... ~ 0.44ms
  2026-02-03 14:58:10 /images/graficoico.png ....................... ~ 4.40ms
  2026-02-03 14:58:10 /images/painel.png ........................... ~ 4.55ms
  2026-02-03 14:58:10 /images/painel_tickets.png ................... ~ 4.72ms
  2026-02-03 14:58:11 /favicon.ico ................................. ~ 2.10ms
  2026-02-03 14:58:11 / ............................................ ~ 0.04ms
  2026-02-03 14:58:11 /images/triagemico.png ....................... ~ 0.30ms
  2026-02-03 14:58:11 /images/atendenteico.png ..................... ~ 0.18ms
  2026-02-03 14:58:11 /images/graficoico.png ....................... ~ 0.05ms
  2026-02-03 14:58:11 /images/painel.png ........................... ~ 0.22ms
  2026-02-03 14:58:11 /images/painel_tickets.png ................... ~ 0.38ms
  2026-02-03 14:58:11 /favicon.ico ................................. ~ 0.02ms
  2026-02-03 14:59:00 /queue/triagem ............................. ~ 500.30ms
  2026-02-03 14:57:45 .............................................. ~ 1m 15s
  2026-02-03 14:59:00 /queue/tickets/triagem ........................... ~ 1s
  2026-02-03 14:59:01 /favicon.ico ................................. ~ 0.03ms
  2026-02-03 14:59:02 / ................................................ ~ 2s
  2026-02-03 14:59:04 /images/triagemico.png ....................... ~ 0.06ms
  2026-02-03 14:59:04 /images/atendenteico.png ..................... ~ 0.22ms
  2026-02-03 14:59:04 /images/graficoico.png ....................... ~ 2.78ms
  2026-02-03 14:59:04 /images/painel.png ........................... ~ 2.94ms
  2026-02-03 14:59:04 /images/painel_tickets.png ................... ~ 3.10ms
  2026-02-03 14:59:04 /favicon.ico ................................. ~ 0.03ms
  2026-02-03 14:59:06 /users/assign-category ..................... ~ 500.42ms
  2026-02-03 14:59:08 /favicon.ico ................................. ~ 0.16ms
  2026-02-03 14:59:15 /users/6 ..................................... ~ 0.11ms
  2026-02-03 14:59:15 /users/assign-category ....................... ~ 0.39ms
  2026-02-03 14:59:16 /favicon.ico ................................. ~ 0.18ms
  2026-02-03 14:59:19 /users/1 ................................... ~ 500.29ms
  2026-02-03 14:59:19 /favicon.ico ............................... ~ 500.63ms
  2026-02-03 15:00:34 /favicon.ico ................................. ~ 0.19ms
  2026-02-03 15:00:34 /logout .......................................... ~ 3s
  2026-02-03 15:00:37 / ............................................ ~ 0.03ms
  2026-02-03 15:00:38 /login ..................................... ~ 500.34ms
  2026-02-03 15:00:38 /images/login.png ............................ ~ 0.03ms
  2026-02-03 15:00:38 /favicon.ico ................................. ~ 0.03ms
  2026-02-03 15:00:47 /login ..................................... ~ 500.41ms
  2026-02-03 15:00:47 /login ....................................... ~ 0.03ms
  2026-02-03 15:00:47 /images/login.png ............................ ~ 0.03ms
  2026-02-03 15:00:47 /favicon.ico ................................. ~ 0.02ms
  2026-02-03 15:00:51 /register .................................... ~ 0.14ms
  2026-02-03 15:00:51 /images/login.png ............................ ~ 0.07ms
  2026-02-03 15:00:51 /favicon.ico ................................. ~ 0.04ms
  2026-02-03 15:01:04 /register .................................. ~ 500.28ms
  2026-02-03 15:01:04 / ............................................ ~ 0.03ms
  2026-02-03 15:01:04 /images/triagemico.png ....................... ~ 0.04ms
  2026-02-03 15:01:04 /images/atendenteico.png ..................... ~ 2.43ms
  2026-02-03 15:01:04 /favicon.ico ................................. ~ 0.57ms
  2026-02-03 15:01:24 /selecionar-guiche ........................... ~ 0.12ms
  2026-02-03 15:01:24 /images/atendenteico.png ..................... ~ 0.03ms
  2026-02-03 15:01:24 /favicon.ico ................................. ~ 0.03ms
  2026-02-03 15:01:28 /selecionar-guiche ........................... ~ 0.08ms
  2026-02-03 15:01:28 /queue/atendimento ........................... ~ 0.02ms
  2026-02-03 15:01:29 /queue/tickets/atendimento ................... ~ 0.02ms
  2026-02-03 15:01:29 /favicon.ico ................................. ~ 0.02ms
  2026-02-03 15:01:34 /queue/tickets/atendimento ................... ~ 0.09ms
  2026-02-03 15:01:34 /logout ...................................... ~ 0.07ms
  2026-02-03 15:01:34 / ............................................ ~ 0.03ms
  2026-02-03 15:01:34 /login ....................................... ~ 0.03ms
  2026-02-03 15:01:34 /images/login.png ............................ ~ 0.03ms
  2026-02-03 15:01:35 /favicon.ico ................................. ~ 0.14ms
  2026-02-03 15:01:41 /login ..................................... ~ 500.33ms
  2026-02-03 15:01:41 / ............................................ ~ 2.12ms
  2026-02-03 15:01:41 /images/triagemico.png ....................... ~ 0.17ms
  2026-02-03 15:01:41 /images/atendenteico.png ..................... ~ 0.32ms
  2026-02-03 15:01:41 /images/graficoico.png ....................... ~ 0.35ms
  2026-02-03 15:01:41 /images/painel.png ........................... ~ 0.49ms
  2026-02-03 15:01:41 /images/painel_tickets.png ................... ~ 1.67ms
  2026-02-03 15:01:41 /favicon.ico ................................. ~ 0.03ms
  2026-02-03 15:01:46 /queue/atendimento ........................... ~ 0.08ms
  2026-02-03 15:01:46 /selecionar-guiche ........................... ~ 0.03ms
  2026-02-03 15:01:46 /images/atendenteico.png ..................... ~ 0.03ms
  2026-02-03 15:01:46 /favicon.ico ................................. ~ 0.02ms
  2026-02-03 15:01:57 /favicon.ico ................................. ~ 0.22ms
  2026-02-03 15:01:57 /users/assign-category ........................... ~ 3s
  2026-02-03 15:02:00 /favicon.ico ................................. ~ 0.03ms
  2026-02-03 15:02:09 /users/1 ..................................... ~ 0.15ms
  2026-02-03 15:02:09 /favicon.ico ................................. ~ 0.41ms
  2026-02-03 15:02:13 /favicon.ico ................................. ~ 0.18ms
  2026-02-03 15:02:34 /users/1 ..................................... ~ 0.10ms
  2026-02-03 15:02:34 /favicon.ico ................................. ~ 0.03ms
  2026-02-03 15:09:12 /users/1 ..................................... ~ 0.18ms
  2026-02-03 15:09:12 /favicon.ico ................................. ~ 0.07ms
  2026-02-03 15:09:14 /favicon.ico ................................. ~ 0.15ms
  2026-02-03 15:09:19 /users/1 ..................................... ~ 0.18ms
  2026-02-03 15:09:19 /favicon.ico ................................. ~ 0.03ms
  2026-02-03 15:09:20 /favicon.ico ................................. ~ 0.08ms
  2026-02-03 15:09:27 /users/1 ..................................... ~ 0.09ms
  2026-02-03 15:09:27 /favicon.ico ................................. ~ 0.03ms
  2026-02-03 15:09:30 /favicon.ico ................................. ~ 0.11ms
  2026-02-03 15:09:35 / ............................................ ~ 0.11ms
  2026-02-03 15:09:35 /images/triagemico.png ....................... ~ 0.04ms
  2026-02-03 15:09:35 /images/atendenteico.png ..................... ~ 0.20ms
  2026-02-03 15:09:35 /images/graficoico.png ....................... ~ 0.04ms
  2026-02-03 15:09:35 /images/painel.png ........................... ~ 0.18ms
  2026-02-03 15:09:35 /images/painel_tickets.png ................... ~ 0.03ms
  2026-02-03 15:10:28 /users/2 ..................................... ~ 0.08ms
  2026-02-03 15:10:28 /favicon.ico ............................... ~ 500.49ms
  2026-02-03 15:11:29 /favicon.ico ................................. ~ 0.16ms
